File accession	File format	File type	File format type	Output type	File assembly	Experiment accession	Assay	Donor(s)	Biosample term id	Biosample term name	Biosample type	Biosample organism	Biosample treatments	Biosample treatments amount	Biosample treatments duration	Biosample genetic modifications methods	Biosample genetic modifications categories	Biosample genetic modifications targets	Biosample genetic modifications gene targets	Biosample genetic modifications site coordinates	Biosample genetic modifications zygosity	Experiment target	Library made from	Library depleted in	Library extraction method	Library lysis method	Library crosslinking method	Library strand specific	Experiment date released	Project	RBNS protein concentration	Library fragmentation method	Library size range	Biological replicate(s)	Technical replicate(s)	Read length	Mapped read length	Run type	Paired end	Paired with	Index of	Derived from	Size	Lab	md5sum	dbxrefs	File download URL	Genome annotation	Platform	Controlled by	File Status	s3_uri	Azure URL	File analysis title	File analysis status	Audit WARNING	Audit NOT_COMPLIANT	Audit ERROR
ENCFF631KUG	bigWig	bigWig		signal p-value	GRCh38	ENCSR660WSB	ATAC-seq	/human-donors/ENCDO183AAA/	EFO:0007074	DND-41	cell line	Homo sapiens											DNA						2021-04-06	ENCODE		chemical (Tn5 transposase)	200-7000	1, 2, 3	1_1, 2_1, 3_1							/files/ENCFF080WSN/, /files/ENCFF626KDS/, /files/ENCFF538YYI/	588236586	ENCODE Processing Pipeline	75c383bdc07616d3eb5734e63142ab7c		https://www.encodeproject.org/files/ENCFF631KUG/@@download/ENCFF631KUG.bigWig				released	s3://encode-public/2021/02/25/22a97736-c0d7-4844-9da4-06c09614e89c/ENCFF631KUG.bigWig	https://datasetencode.blob.core.windows.net/dataset/2021/02/25/22a97736-c0d7-4844-9da4-06c09614e89c/ENCFF631KUG.bigWig?sv=2019-10-10&si=prod&sr=c&sig=9qSQZo4ggrCNpybBExU8SypuUZV33igI11xw0P7rB3c%3D	ENCODE4 v1.9.1 GRCh38	released	low read depth	insufficient read depth	
ENCFF095ATB	bed narrowPeak	bed	narrowPeak	pseudoreplicated peaks	GRCh38	ENCSR660WSB	ATAC-seq	/human-donors/ENCDO183AAA/	EFO:0007074	DND-41	cell line	Homo sapiens											DNA						2021-04-06	ENCODE		chemical (Tn5 transposase)	200-7000	1, 2, 3	1_1, 2_1, 3_1							/files/ENCFF356LFX/, /files/ENCFF080WSN/, /files/ENCFF626KDS/, /files/ENCFF538YYI/	3928098	ENCODE Processing Pipeline	0e6fcf428ada27dbd02cfd216fd9ad3b		https://www.encodeproject.org/files/ENCFF095ATB/@@download/ENCFF095ATB.bed.gz				released	s3://encode-public/2021/02/25/55a61a34-c830-43cb-a15f-8a317ed0cd82/ENCFF095ATB.bed.gz	https://datasetencode.blob.core.windows.net/dataset/2021/02/25/55a61a34-c830-43cb-a15f-8a317ed0cd82/ENCFF095ATB.bed.gz?sv=2019-10-10&si=prod&sr=c&sig=9qSQZo4ggrCNpybBExU8SypuUZV33igI11xw0P7rB3c%3D	ENCODE4 v1.9.1 GRCh38	released	low read depth	insufficient read depth	
ENCFF357GNC	bigWig	bigWig		signal p-value	GRCh38	ENCSR868FGK	ATAC-seq	/human-donors/ENCDO000AAD/	EFO:0002067	K562	cell line	Homo sapiens											DNA						2020-08-05	ENCODE		chemical (Tn5 transposase)	200-7000	1, 2, 3	1_1, 2_1, 3_1							/files/ENCFF077FBI/, /files/ENCFF128WZG/, /files/ENCFF534DCE/	2118644361	ENCODE Processing Pipeline	00b10e391e8f2361990a9b4f94ac055c		https://www.encodeproject.org/files/ENCFF357GNC/@@download/ENCFF357GNC.bigWig				released	s3://encode-public/2021/03/16/9ff8b5ae-10d6-4711-96ea-a3cbb44aaadb/ENCFF357GNC.bigWig	https://datasetencode.blob.core.windows.net/dataset/2021/03/16/9ff8b5ae-10d6-4711-96ea-a3cbb44aaadb/ENCFF357GNC.bigWig?sv=2019-10-10&si=prod&sr=c&sig=9qSQZo4ggrCNpybBExU8SypuUZV33igI11xw0P7rB3c%3D	ENCODE4 v1.9.1 GRCh38	released	moderate library complexity		
ENCFF333TAT	bed narrowPeak	bed	narrowPeak	pseudoreplicated peaks	GRCh38	ENCSR868FGK	ATAC-seq	/human-donors/ENCDO000AAD/	EFO:0002067	K562	cell line	Homo sapiens											DNA						2020-08-05	ENCODE		chemical (Tn5 transposase)	200-7000	1, 2, 3	1_1, 2_1, 3_1							/files/ENCFF077FBI/, /files/ENCFF128WZG/, /files/ENCFF356LFX/, /files/ENCFF534DCE/	7067871	ENCODE Processing Pipeline	0f7a6c13e23c2e3fc8716153a89ed481		https://www.encodeproject.org/files/ENCFF333TAT/@@download/ENCFF333TAT.bed.gz				released	s3://encode-public/2021/03/16/f9c5229c-df01-48d5-b8df-10d060edd52f/ENCFF333TAT.bed.gz	https://datasetencode.blob.core.windows.net/dataset/2021/03/16/f9c5229c-df01-48d5-b8df-10d060edd52f/ENCFF333TAT.bed.gz?sv=2019-10-10&si=prod&sr=c&sig=9qSQZo4ggrCNpybBExU8SypuUZV33igI11xw0P7rB3c%3D	ENCODE4 v1.9.1 GRCh38	released	moderate library complexity		
ENCFF180ZAY	bigWig	bigWig		signal p-value	GRCh38	ENCSR095QNB	ATAC-seq	/human-donors/ENCDO000AAK/	EFO:0002784	GM12878	cell line	Homo sapiens											DNA						2020-08-05	ENCODE		chemical (Tn5 transposase)	200-7000	1, 2	1_1, 2_1							/files/ENCFF646NWY/, /files/ENCFF415FEC/	502129487	ENCODE Processing Pipeline	a00fc22d0cc8807c02d78487a4a12618		https://www.encodeproject.org/files/ENCFF180ZAY/@@download/ENCFF180ZAY.bigWig				released	s3://encode-public/2021/02/24/92ceffa5-fad0-4ea0-8e13-8df9a8f9da66/ENCFF180ZAY.bigWig	https://datasetencode.blob.core.windows.net/dataset/2021/02/24/92ceffa5-fad0-4ea0-8e13-8df9a8f9da66/ENCFF180ZAY.bigWig?sv=2019-10-10&si=prod&sr=c&sig=9qSQZo4ggrCNpybBExU8SypuUZV33igI11xw0P7rB3c%3D	ENCODE4 v1.9.1 GRCh38	released	moderate library complexity, mild to moderate bottlenecking, low read depth		
ENCFF470YYO	bed narrowPeak	bed	narrowPeak	pseudoreplicated peaks	GRCh38	ENCSR095QNB	ATAC-seq	/human-donors/ENCDO000AAK/	EFO:0002784	GM12878	cell line	Homo sapiens											DNA						2020-08-05	ENCODE		chemical (Tn5 transposase)	200-7000	1, 2	1_1, 2_1							/files/ENCFF646NWY/, /files/ENCFF415FEC/, /files/ENCFF356LFX/	5453458	ENCODE Processing Pipeline	098af8fc6203be2129ab8e2d990e1f66		https://www.encodeproject.org/files/ENCFF470YYO/@@download/ENCFF470YYO.bed.gz				released	s3://encode-public/2021/02/24/8a45a912-e259-46c5-8825-44fff987d8f2/ENCFF470YYO.bed.gz	https://datasetencode.blob.core.windows.net/dataset/2021/02/24/8a45a912-e259-46c5-8825-44fff987d8f2/ENCFF470YYO.bed.gz?sv=2019-10-10&si=prod&sr=c&sig=9qSQZo4ggrCNpybBExU8SypuUZV33igI11xw0P7rB3c%3D	ENCODE4 v1.9.1 GRCh38	released	moderate library complexity, mild to moderate bottlenecking, low read depth		
ENCFF182SSP	bed narrowPeak	bed	narrowPeak	pseudoreplicated peaks	GRCh38	ENCSR591PIX	ATAC-seq	/human-donors/ENCDO000ABB/	EFO:0002713	Panc1	cell line	Homo sapiens											DNA						2020-10-08	ENCODE		chemical (Tn5 transposase)	200-7000	1, 2	1_1, 2_1							/files/ENCFF356LFX/, /files/ENCFF822BKT/, /files/ENCFF836WDC/	5211813	ENCODE Processing Pipeline	a3c499c3fb055a084365eaf9ac8bb19f		https://www.encodeproject.org/files/ENCFF182SSP/@@download/ENCFF182SSP.bed.gz				released	s3://encode-public/2021/02/24/0e9d2f26-b911-47fd-a254-7c9f25f459d9/ENCFF182SSP.bed.gz	https://datasetencode.blob.core.windows.net/dataset/2021/02/24/0e9d2f26-b911-47fd-a254-7c9f25f459d9/ENCFF182SSP.bed.gz?sv=2019-10-10&si=prod&sr=c&sig=9qSQZo4ggrCNpybBExU8SypuUZV33igI11xw0P7rB3c%3D	ENCODE4 v1.9.1 GRCh38	released	mild to moderate bottlenecking, moderate library complexity		
ENCFF794CNJ	bigWig	bigWig		signal p-value	GRCh38	ENCSR591PIX	ATAC-seq	/human-donors/ENCDO000ABB/	EFO:0002713	Panc1	cell line	Homo sapiens											DNA						2020-10-08	ENCODE		chemical (Tn5 transposase)	200-7000	1, 2	1_1, 2_1							/files/ENCFF822BKT/, /files/ENCFF836WDC/	781685102	ENCODE Processing Pipeline	c7a25e8ef1a46cd03575690271f336dd		https://www.encodeproject.org/files/ENCFF794CNJ/@@download/ENCFF794CNJ.bigWig				released	s3://encode-public/2021/02/24/4f255c23-5228-4275-b442-3575253c3a8d/ENCFF794CNJ.bigWig	https://datasetencode.blob.core.windows.net/dataset/2021/02/24/4f255c23-5228-4275-b442-3575253c3a8d/ENCFF794CNJ.bigWig?sv=2019-10-10&si=prod&sr=c&sig=9qSQZo4ggrCNpybBExU8SypuUZV33igI11xw0P7rB3c%3D	ENCODE4 v1.9.1 GRCh38	released	mild to moderate bottlenecking, moderate library complexity		
ENCFF285FQS	bigWig	bigWig		signal p-value	GRCh38	ENCSR042AWH	ATAC-seq	/human-donors/ENCDO000AAC/	EFO:0001187	HepG2	cell line	Homo sapiens											DNA						2020-08-05	ENCODE		chemical (Tn5 transposase)	200-7000	1, 2	1_1, 2_1							/files/ENCFF394BBD/, /files/ENCFF239RGZ/	773170329	ENCODE Processing Pipeline	3a0c7eb02d0504cec514b0515501e62c		https://www.encodeproject.org/files/ENCFF285FQS/@@download/ENCFF285FQS.bigWig				released	s3://encode-public/2021/02/24/94ad5424-d34b-414a-8860-28e87689550e/ENCFF285FQS.bigWig	https://datasetencode.blob.core.windows.net/dataset/2021/02/24/94ad5424-d34b-414a-8860-28e87689550e/ENCFF285FQS.bigWig?sv=2019-10-10&si=prod&sr=c&sig=9qSQZo4ggrCNpybBExU8SypuUZV33igI11xw0P7rB3c%3D	ENCODE4 v1.9.1 GRCh38	released	moderate library complexity, mild to moderate bottlenecking, low read depth		
ENCFF913MQB	bed narrowPeak	bed	narrowPeak	pseudoreplicated peaks	GRCh38	ENCSR042AWH	ATAC-seq	/human-donors/ENCDO000AAC/	EFO:0001187	HepG2	cell line	Homo sapiens											DNA						2020-08-05	ENCODE		chemical (Tn5 transposase)	200-7000	1, 2	1_1, 2_1							/files/ENCFF356LFX/, /files/ENCFF394BBD/, /files/ENCFF239RGZ/	5293803	ENCODE Processing Pipeline	30b74a5eef3e616fe2a0ae4ee88481b2		https://www.encodeproject.org/files/ENCFF913MQB/@@download/ENCFF913MQB.bed.gz				released	s3://encode-public/2021/02/24/4a581f24-7684-43b8-9eb8-73adf4039ba2/ENCFF913MQB.bed.gz	https://datasetencode.blob.core.windows.net/dataset/2021/02/24/4a581f24-7684-43b8-9eb8-73adf4039ba2/ENCFF913MQB.bed.gz?sv=2019-10-10&si=prod&sr=c&sig=9qSQZo4ggrCNpybBExU8SypuUZV33igI11xw0P7rB3c%3D	ENCODE4 v1.9.1 GRCh38	released	moderate library complexity, mild to moderate bottlenecking, low read depth		
ENCFF262URW	bigWig	bigWig		signal p-value	GRCh38	ENCSR291GJU	ATAC-seq	/human-donors/ENCDO000AAC/	EFO:0001187	HepG2	cell line	Homo sapiens											DNA						2020-08-05	ENCODE		chemical (Tn5 transposase)	200-7000	1, 2, 3	1_1, 2_1, 3_1							/files/ENCFF990VCP/, /files/ENCFF624SON/, /files/ENCFF926KFU/	1863353673	ENCODE Processing Pipeline	e6299398369edb0e5b162b1492507ada		https://www.encodeproject.org/files/ENCFF262URW/@@download/ENCFF262URW.bigWig				released	s3://encode-public/2021/03/16/535ac617-42b7-4565-8327-af83350b4fa3/ENCFF262URW.bigWig	https://datasetencode.blob.core.windows.net/dataset/2021/03/16/535ac617-42b7-4565-8327-af83350b4fa3/ENCFF262URW.bigWig?sv=2019-10-10&si=prod&sr=c&sig=9qSQZo4ggrCNpybBExU8SypuUZV33igI11xw0P7rB3c%3D	ENCODE4 v1.9.1 GRCh38	released	mild to moderate bottlenecking, moderate library complexity		
ENCFF439EIO	bed narrowPeak	bed	narrowPeak	pseudoreplicated peaks	GRCh38	ENCSR291GJU	ATAC-seq	/human-donors/ENCDO000AAC/	EFO:0001187	HepG2	cell line	Homo sapiens											DNA						2020-08-05	ENCODE		chemical (Tn5 transposase)	200-7000	1, 2, 3	1_1, 2_1, 3_1							/files/ENCFF990VCP/, /files/ENCFF356LFX/, /files/ENCFF624SON/, /files/ENCFF926KFU/	7245219	ENCODE Processing Pipeline	c7e08900ba86556a2f5c460039060c10		https://www.encodeproject.org/files/ENCFF439EIO/@@download/ENCFF439EIO.bed.gz				released	s3://encode-public/2021/03/16/4eced5ce-3e78-404d-b8a4-e4ee2f32df61/ENCFF439EIO.bed.gz	https://datasetencode.blob.core.windows.net/dataset/2021/03/16/4eced5ce-3e78-404d-b8a4-e4ee2f32df61/ENCFF439EIO.bed.gz?sv=2019-10-10&si=prod&sr=c&sig=9qSQZo4ggrCNpybBExU8SypuUZV33igI11xw0P7rB3c%3D	ENCODE4 v1.9.1 GRCh38	released	mild to moderate bottlenecking, moderate library complexity		
ENCFF214BCI	bigWig	bigWig		signal p-value	GRCh38	ENCSR220ASC	ATAC-seq	/human-donors/ENCDO000AAZ/	EFO:0001086	A549	cell line	Homo sapiens											DNA			0.01% digitonin			2018-04-23	GGR		chemical (Nextera tagmentation)	>200	1, 2, 3	1_1, 2_1, 3_1							/files/ENCFF899WFS/, /files/ENCFF964ZKK/, /files/ENCFF669VTY/	734455149	ENCODE Processing Pipeline	3c32a88c8f6e7c296ecdebf90d9d9eb2		https://www.encodeproject.org/files/ENCFF214BCI/@@download/ENCFF214BCI.bigWig				released	s3://encode-public/2020/09/29/84daed2b-f7f9-4085-8f5f-2388748a0871/ENCFF214BCI.bigWig	https://datasetencode.blob.core.windows.net/dataset/2020/09/29/84daed2b-f7f9-4085-8f5f-2388748a0871/ENCFF214BCI.bigWig?sv=2019-10-10&si=prod&sr=c&sig=9qSQZo4ggrCNpybBExU8SypuUZV33igI11xw0P7rB3c%3D	ENCODE4 v1.8.0 GRCh38	released			
ENCFF735UWS	bed narrowPeak	bed	narrowPeak	pseudoreplicated peaks	GRCh38	ENCSR220ASC	ATAC-seq	/human-donors/ENCDO000AAZ/	EFO:0001086	A549	cell line	Homo sapiens											DNA			0.01% digitonin			2018-04-23	GGR		chemical (Nextera tagmentation)	>200	1, 2, 3	1_1, 2_1, 3_1							/files/ENCFF899WFS/, /files/ENCFF964ZKK/, /files/ENCFF356LFX/, /files/ENCFF669VTY/	4999607	ENCODE Processing Pipeline	d808e8bac1f26d964878129f4f4f1705		https://www.encodeproject.org/files/ENCFF735UWS/@@download/ENCFF735UWS.bed.gz				released	s3://encode-public/2020/09/29/d95536e9-d03e-4e52-836b-c750c6178fc2/ENCFF735UWS.bed.gz	https://datasetencode.blob.core.windows.net/dataset/2020/09/29/d95536e9-d03e-4e52-836b-c750c6178fc2/ENCFF735UWS.bed.gz?sv=2019-10-10&si=prod&sr=c&sig=9qSQZo4ggrCNpybBExU8SypuUZV33igI11xw0P7rB3c%3D	ENCODE4 v1.8.0 GRCh38	released			
ENCFF624HRW	bigWig	bigWig		signal p-value	GRCh38	ENCSR872WGW	ATAC-seq	/human-donors/ENCDO000ABE/	EFO:0002824	HCT116	cell line	Homo sapiens											DNA						2020-10-08	ENCODE		chemical (Tn5 transposase)	200-7000	1, 2	1_1, 2_1							/files/ENCFF927YUB/, /files/ENCFF724QHH/	727982360	ENCODE Processing Pipeline	549f60e81e41cd0a132b75682cc1694d		https://www.encodeproject.org/files/ENCFF624HRW/@@download/ENCFF624HRW.bigWig				released	s3://encode-public/2021/02/24/5778fb29-8174-4ec9-99b7-0c43e8cf09ff/ENCFF624HRW.bigWig	https://datasetencode.blob.core.windows.net/dataset/2021/02/24/5778fb29-8174-4ec9-99b7-0c43e8cf09ff/ENCFF624HRW.bigWig?sv=2019-10-10&si=prod&sr=c&sig=9qSQZo4ggrCNpybBExU8SypuUZV33igI11xw0P7rB3c%3D	ENCODE4 v1.9.1 GRCh38	released	mild to moderate bottlenecking, moderate library complexity		
ENCFF296ZZB	bed narrowPeak	bed	narrowPeak	pseudoreplicated peaks	GRCh38	ENCSR872WGW	ATAC-seq	/human-donors/ENCDO000ABE/	EFO:0002824	HCT116	cell line	Homo sapiens											DNA						2020-10-08	ENCODE		chemical (Tn5 transposase)	200-7000	1, 2	1_1, 2_1							/files/ENCFF927YUB/, /files/ENCFF356LFX/, /files/ENCFF724QHH/	5306753	ENCODE Processing Pipeline	4fc13ef6b70a40921ce7907999cd40f8		https://www.encodeproject.org/files/ENCFF296ZZB/@@download/ENCFF296ZZB.bed.gz				released	s3://encode-public/2021/02/24/5993e08f-52d8-423b-99ce-ca1df47cf013/ENCFF296ZZB.bed.gz	https://datasetencode.blob.core.windows.net/dataset/2021/02/24/5993e08f-52d8-423b-99ce-ca1df47cf013/ENCFF296ZZB.bed.gz?sv=2019-10-10&si=prod&sr=c&sig=9qSQZo4ggrCNpybBExU8SypuUZV33igI11xw0P7rB3c%3D	ENCODE4 v1.9.1 GRCh38	released	mild to moderate bottlenecking, moderate library complexity		
ENCFF667MDI	bigWig	bigWig		signal p-value	GRCh38	ENCSR637XSC	ATAC-seq	/human-donors/ENCDO000AAK/	EFO:0002784	GM12878	cell line	Homo sapiens											DNA						2020-08-05	ENCODE		chemical (Tn5 transposase)	200-7000	1, 2, 3	1_1, 2_1, 3_1							/files/ENCFF981FXV/, /files/ENCFF440GRZ/, /files/ENCFF962FMH/	1433378169	ENCODE Processing Pipeline	94e11903753580c8e39d77b331f90caf		https://www.encodeproject.org/files/ENCFF667MDI/@@download/ENCFF667MDI.bigWig				released	s3://encode-public/2021/03/16/a92bdac8-95fd-49fb-aa68-9b87d2026710/ENCFF667MDI.bigWig	https://datasetencode.blob.core.windows.net/dataset/2021/03/16/a92bdac8-95fd-49fb-aa68-9b87d2026710/ENCFF667MDI.bigWig?sv=2019-10-10&si=prod&sr=c&sig=9qSQZo4ggrCNpybBExU8SypuUZV33igI11xw0P7rB3c%3D	ENCODE4 v1.9.1 GRCh38	released	mild to moderate bottlenecking, moderate library complexity		
ENCFF748UZH	bed narrowPeak	bed	narrowPeak	pseudoreplicated peaks	GRCh38	ENCSR637XSC	ATAC-seq	/human-donors/ENCDO000AAK/	EFO:0002784	GM12878	cell line	Homo sapiens											DNA						2020-08-05	ENCODE		chemical (Tn5 transposase)	200-7000	1, 2, 3	1_1, 2_1, 3_1							/files/ENCFF981FXV/, /files/ENCFF440GRZ/, /files/ENCFF962FMH/, /files/ENCFF356LFX/	7219855	ENCODE Processing Pipeline	07915ab8198de991cc588926ad8c8f5d		https://www.encodeproject.org/files/ENCFF748UZH/@@download/ENCFF748UZH.bed.gz				released	s3://encode-public/2021/03/16/135c9467-c4eb-4d95-94c1-bf3f0be21270/ENCFF748UZH.bed.gz	https://datasetencode.blob.core.windows.net/dataset/2021/03/16/135c9467-c4eb-4d95-94c1-bf3f0be21270/ENCFF748UZH.bed.gz?sv=2019-10-10&si=prod&sr=c&sig=9qSQZo4ggrCNpybBExU8SypuUZV33igI11xw0P7rB3c%3D	ENCODE4 v1.9.1 GRCh38	released	mild to moderate bottlenecking, moderate library complexity		
ENCFF399KCR	bigWig	bigWig		signal p-value	GRCh38	ENCSR032RGS	ATAC-seq	/human-donors/ENCDO000AAZ/	EFO:0001086	A549	cell line	Homo sapiens											DNA						2020-08-05	ENCODE		chemical (Tn5 transposase)	200-7000	1, 2, 3	1_1, 2_1, 3_1							/files/ENCFF616DYV/, /files/ENCFF701BDT/, /files/ENCFF607DTB/	1973538863	ENCODE Processing Pipeline	acbeb16f401c2c6120f06fdd49b51ca0		https://www.encodeproject.org/files/ENCFF399KCR/@@download/ENCFF399KCR.bigWig				released	s3://encode-public/2021/03/16/893a56c1-a5b5-45fe-9d85-192e5fa014e2/ENCFF399KCR.bigWig	https://datasetencode.blob.core.windows.net/dataset/2021/03/16/893a56c1-a5b5-45fe-9d85-192e5fa014e2/ENCFF399KCR.bigWig?sv=2019-10-10&si=prod&sr=c&sig=9qSQZo4ggrCNpybBExU8SypuUZV33igI11xw0P7rB3c%3D	ENCODE4 v1.9.1 GRCh38	released	mild to moderate bottlenecking, moderate library complexity		
ENCFF899OMR	bed narrowPeak	bed	narrowPeak	pseudoreplicated peaks	GRCh38	ENCSR032RGS	ATAC-seq	/human-donors/ENCDO000AAZ/	EFO:0001086	A549	cell line	Homo sapiens											DNA						2020-08-05	ENCODE		chemical (Tn5 transposase)	200-7000	1, 2, 3	1_1, 2_1, 3_1							/files/ENCFF616DYV/, /files/ENCFF701BDT/, /files/ENCFF356LFX/, /files/ENCFF607DTB/	7152341	ENCODE Processing Pipeline	feed36997c097111e6dd09cd4c29109c		https://www.encodeproject.org/files/ENCFF899OMR/@@download/ENCFF899OMR.bed.gz				released	s3://encode-public/2021/03/16/c8e2d83c-f433-48cd-bbb9-3570e9c19d43/ENCFF899OMR.bed.gz	https://datasetencode.blob.core.windows.net/dataset/2021/03/16/c8e2d83c-f433-48cd-bbb9-3570e9c19d43/ENCFF899OMR.bed.gz?sv=2019-10-10&si=prod&sr=c&sig=9qSQZo4ggrCNpybBExU8SypuUZV33igI11xw0P7rB3c%3D	ENCODE4 v1.9.1 GRCh38	released	mild to moderate bottlenecking, moderate library complexity		
ENCFF123YPY	bigWig	bigWig		signal p-value	GRCh38	ENCSR541KFY	ATAC-seq	/human-donors/ENCDO882UJI/	EFO:0009747	WTC11	cell line	Homo sapiens											DNA						2021-06-24	ENCODE		chemical (Tn5 transposase)	200-7000	1, 2	1_1, 2_1							/files/ENCFF240QKT/, /files/ENCFF127KFG/	1116740291	ENCODE Processing Pipeline	a17ea707350378fcdc80a582c5cddef7		https://www.encodeproject.org/files/ENCFF123YPY/@@download/ENCFF123YPY.bigWig				released	s3://encode-public/2021/06/21/b65d9bec-e908-404a-b04c-4cac737bad94/ENCFF123YPY.bigWig	https://datasetencode.blob.core.windows.net/dataset/2021/06/21/b65d9bec-e908-404a-b04c-4cac737bad94/ENCFF123YPY.bigWig?sv=2019-10-10&si=prod&sr=c&sig=9qSQZo4ggrCNpybBExU8SypuUZV33igI11xw0P7rB3c%3D	ENCODE4 v1.10.0 GRCh38	released	mild to moderate bottlenecking, moderate library complexity		
ENCFF321VDH	bed narrowPeak	bed	narrowPeak	pseudoreplicated peaks	GRCh38	ENCSR541KFY	ATAC-seq	/human-donors/ENCDO882UJI/	EFO:0009747	WTC11	cell line	Homo sapiens											DNA						2021-06-24	ENCODE		chemical (Tn5 transposase)	200-7000	1, 2	1_1, 2_1							/files/ENCFF356LFX/, /files/ENCFF240QKT/, /files/ENCFF127KFG/	6578849	ENCODE Processing Pipeline	f177e4e3c746b32a8d764f3f0fbef540		https://www.encodeproject.org/files/ENCFF321VDH/@@download/ENCFF321VDH.bed.gz				released	s3://encode-public/2021/06/21/7a8bcf21-8026-47d3-b23e-89c07abf32ba/ENCFF321VDH.bed.gz	https://datasetencode.blob.core.windows.net/dataset/2021/06/21/7a8bcf21-8026-47d3-b23e-89c07abf32ba/ENCFF321VDH.bed.gz?sv=2019-10-10&si=prod&sr=c&sig=9qSQZo4ggrCNpybBExU8SypuUZV33igI11xw0P7rB3c%3D	ENCODE4 v1.10.0 GRCh38	released	mild to moderate bottlenecking, moderate library complexity		
ENCFF252GZO	bigWig	bigWig		signal p-value	GRCh38	ENCSR956DNB	ATAC-seq	/human-donors/ENCDO000AAD/	EFO:0002067	K562	cell line	Homo sapiens											DNA						2022-04-26	ENCODE			180-1000	1, 2	1_1, 2_1							/files/ENCFF445RUW/, /files/ENCFF778GYX/	368903570	ENCODE Processing Pipeline	ea8471c2af71ecc529046ec140c33adf		https://www.encodeproject.org/files/ENCFF252GZO/@@download/ENCFF252GZO.bigWig				released	s3://encode-public/2022/03/02/6b79b480-e246-4541-812b-138aee261817/ENCFF252GZO.bigWig	https://datasetencode.blob.core.windows.net/dataset/2022/03/02/6b79b480-e246-4541-812b-138aee261817/ENCFF252GZO.bigWig?sv=2019-10-10&si=prod&sr=c&sig=9qSQZo4ggrCNpybBExU8SypuUZV33igI11xw0P7rB3c%3D	ENCODE4 v2.1.1 GRCh38	released	mixed read lengths, moderate number of reproducible peaks		extremely low read depth
ENCFF842UZU	bed narrowPeak	bed	narrowPeak	pseudoreplicated peaks	GRCh38	ENCSR956DNB	ATAC-seq	/human-donors/ENCDO000AAD/	EFO:0002067	K562	cell line	Homo sapiens											DNA						2022-04-26	ENCODE			180-1000	1, 2	1_1, 2_1							/files/ENCFF445RUW/, /files/ENCFF356LFX/, /files/ENCFF778GYX/	3108971	ENCODE Processing Pipeline	c1738f40f77a19d1773771b87826dbb8		https://www.encodeproject.org/files/ENCFF842UZU/@@download/ENCFF842UZU.bed.gz				released	s3://encode-public/2022/03/02/35cd6370-6085-4556-8f82-000c1efb66aa/ENCFF842UZU.bed.gz	https://datasetencode.blob.core.windows.net/dataset/2022/03/02/35cd6370-6085-4556-8f82-000c1efb66aa/ENCFF842UZU.bed.gz?sv=2019-10-10&si=prod&sr=c&sig=9qSQZo4ggrCNpybBExU8SypuUZV33igI11xw0P7rB3c%3D	ENCODE4 v2.1.1 GRCh38	released	mixed read lengths, moderate number of reproducible peaks		extremely low read depth
ENCFF145UAD	bigWig	bigWig		signal p-value	GRCh38	ENCSR499ASS	ATAC-seq	/human-donors/ENCDO349AAA/	EFO:0002074	PC-3	cell line	Homo sapiens											DNA						2020-10-08	ENCODE		chemical (Tn5 transposase)	200-7000	1, 2	1_1, 2_1							/files/ENCFF024FNF/, /files/ENCFF516GDK/	672746906	ENCODE Processing Pipeline	438b267666608c9d3c860deeed52e574		https://www.encodeproject.org/files/ENCFF145UAD/@@download/ENCFF145UAD.bigWig				released	s3://encode-public/2021/02/24/cec04648-adb8-4158-afb1-1e5b136b34b9/ENCFF145UAD.bigWig	https://datasetencode.blob.core.windows.net/dataset/2021/02/24/cec04648-adb8-4158-afb1-1e5b136b34b9/ENCFF145UAD.bigWig?sv=2019-10-10&si=prod&sr=c&sig=9qSQZo4ggrCNpybBExU8SypuUZV33igI11xw0P7rB3c%3D	ENCODE4 v1.9.1 GRCh38	released	mild to moderate bottlenecking, moderate library complexity		
ENCFF811MOZ	bed narrowPeak	bed	narrowPeak	pseudoreplicated peaks	GRCh38	ENCSR499ASS	ATAC-seq	/human-donors/ENCDO349AAA/	EFO:0002074	PC-3	cell line	Homo sapiens											DNA						2020-10-08	ENCODE		chemical (Tn5 transposase)	200-7000	1, 2	1_1, 2_1							/files/ENCFF356LFX/, /files/ENCFF024FNF/, /files/ENCFF516GDK/	6681713	ENCODE Processing Pipeline	fa195d5fda6af1d58f51099f40661c3a		https://www.encodeproject.org/files/ENCFF811MOZ/@@download/ENCFF811MOZ.bed.gz				released	s3://encode-public/2021/02/24/ee2f7cbe-8feb-49fe-99d2-5df61ab1a6d4/ENCFF811MOZ.bed.gz	https://datasetencode.blob.core.windows.net/dataset/2021/02/24/ee2f7cbe-8feb-49fe-99d2-5df61ab1a6d4/ENCFF811MOZ.bed.gz?sv=2019-10-10&si=prod&sr=c&sig=9qSQZo4ggrCNpybBExU8SypuUZV33igI11xw0P7rB3c%3D	ENCODE4 v1.9.1 GRCh38	released	mild to moderate bottlenecking, moderate library complexity		
ENCFF137KFY	bigWig	bigWig		signal p-value	GRCh38	ENCSR859USB	ATAC-seq	/human-donors/ENCDO000AAD/	EFO:0002067	K562	cell line	Homo sapiens											DNA						2022-04-26	ENCODE			180-1000	1, 2	1_1, 2_1							/files/ENCFF557RSA/, /files/ENCFF852RRY/	544003227	ENCODE Processing Pipeline	d3e2e9f1c2c6f0392e262d5e9fa452cf		https://www.encodeproject.org/files/ENCFF137KFY/@@download/ENCFF137KFY.bigWig				released	s3://encode-public/2022/03/02/7eef7d47-e6a1-442f-8688-81563f2c240b/ENCFF137KFY.bigWig	https://datasetencode.blob.core.windows.net/dataset/2022/03/02/7eef7d47-e6a1-442f-8688-81563f2c240b/ENCFF137KFY.bigWig?sv=2019-10-10&si=prod&sr=c&sig=9qSQZo4ggrCNpybBExU8SypuUZV33igI11xw0P7rB3c%3D	ENCODE4 v2.1.1 GRCh38	released	mixed read lengths, moderate number of reproducible peaks	insufficient read depth	extremely low read depth
ENCFF055NNT	bed narrowPeak	bed	narrowPeak	replicated peaks	GRCh38	ENCSR859USB	ATAC-seq	/human-donors/ENCDO000AAD/	EFO:0002067	K562	cell line	Homo sapiens											DNA						2022-04-26	ENCODE			180-1000	1, 2	1_1, 2_1							/files/ENCFF356LFX/, /files/ENCFF557RSA/, /files/ENCFF852RRY/	2555235	ENCODE Processing Pipeline	7f7a4fea9902b4de27656b78a71cdda0		https://www.encodeproject.org/files/ENCFF055NNT/@@download/ENCFF055NNT.bed.gz				released	s3://encode-public/2022/03/02/5caade72-7ac2-4ba7-8896-289fbcc2b41a/ENCFF055NNT.bed.gz	https://datasetencode.blob.core.windows.net/dataset/2022/03/02/5caade72-7ac2-4ba7-8896-289fbcc2b41a/ENCFF055NNT.bed.gz?sv=2019-10-10&si=prod&sr=c&sig=9qSQZo4ggrCNpybBExU8SypuUZV33igI11xw0P7rB3c%3D	ENCODE4 v2.1.1 GRCh38	released	mixed read lengths, moderate number of reproducible peaks	insufficient read depth	extremely low read depth
ENCFF770EAV	bigWig	bigWig		signal p-value	GRCh38	ENCSR200OML	ATAC-seq	/human-donors/ENCDO000AAX/	EFO:0001196	IMR-90	cell line	Homo sapiens											DNA						2020-08-05	ENCODE		chemical (Tn5 transposase)	200-7000	1, 2	1_1, 2_1							/files/ENCFF715NAV/, /files/ENCFF848XMR/	763863041	ENCODE Processing Pipeline	274bb31f7077a35e72a310d18d27867b		https://www.encodeproject.org/files/ENCFF770EAV/@@download/ENCFF770EAV.bigWig				released	s3://encode-public/2021/02/24/d16e2f61-f17f-41ba-9d26-2e8cc827afe3/ENCFF770EAV.bigWig	https://datasetencode.blob.core.windows.net/dataset/2021/02/24/d16e2f61-f17f-41ba-9d26-2e8cc827afe3/ENCFF770EAV.bigWig?sv=2019-10-10&si=prod&sr=c&sig=9qSQZo4ggrCNpybBExU8SypuUZV33igI11xw0P7rB3c%3D	ENCODE4 v1.9.1 GRCh38	released	moderate library complexity, mild to moderate bottlenecking, low read depth		
ENCFF243NTP	bed narrowPeak	bed	narrowPeak	pseudoreplicated peaks	GRCh38	ENCSR200OML	ATAC-seq	/human-donors/ENCDO000AAX/	EFO:0001196	IMR-90	cell line	Homo sapiens											DNA						2020-08-05	ENCODE		chemical (Tn5 transposase)	200-7000	1, 2	1_1, 2_1							/files/ENCFF715NAV/, /files/ENCFF356LFX/, /files/ENCFF848XMR/	6526608	ENCODE Processing Pipeline	c8d2e9227aaa1d44fbc6ca93584234e4		https://www.encodeproject.org/files/ENCFF243NTP/@@download/ENCFF243NTP.bed.gz				released	s3://encode-public/2021/02/24/af2f4732-f52e-4b55-ad63-7ae3a50a414f/ENCFF243NTP.bed.gz	https://datasetencode.blob.core.windows.net/dataset/2021/02/24/af2f4732-f52e-4b55-ad63-7ae3a50a414f/ENCFF243NTP.bed.gz?sv=2019-10-10&si=prod&sr=c&sig=9qSQZo4ggrCNpybBExU8SypuUZV33igI11xw0P7rB3c%3D	ENCODE4 v1.9.1 GRCh38	released	moderate library complexity, mild to moderate bottlenecking, low read depth		
ENCFF881UWW	bigWig	bigWig		signal p-value	GRCh38	ENCSR080SNF	ATAC-seq	/human-donors/ENCDO135ZNV/	EFO:0007610	RWPE2	cell line	Homo sapiens											DNA						2021-04-06	ENCODE		chemical (Tn5 transposase)	200-7000	1, 2, 3	1_1, 2_1, 3_1							/files/ENCFF431FIJ/, /files/ENCFF452BSA/, /files/ENCFF417FFE/	997305447	ENCODE Processing Pipeline	1bfc32fd105fe48c188e922ff37a1b63		https://www.encodeproject.org/files/ENCFF881UWW/@@download/ENCFF881UWW.bigWig				released	s3://encode-public/2021/02/25/9b71a213-d2ea-49d4-aacd-334522386dd0/ENCFF881UWW.bigWig	https://datasetencode.blob.core.windows.net/dataset/2021/02/25/9b71a213-d2ea-49d4-aacd-334522386dd0/ENCFF881UWW.bigWig?sv=2019-10-10&si=prod&sr=c&sig=9qSQZo4ggrCNpybBExU8SypuUZV33igI11xw0P7rB3c%3D	ENCODE4 v1.9.1 GRCh38	released	low read depth		
ENCFF729MMJ	bed narrowPeak	bed	narrowPeak	pseudoreplicated peaks	GRCh38	ENCSR080SNF	ATAC-seq	/human-donors/ENCDO135ZNV/	EFO:0007610	RWPE2	cell line	Homo sapiens											DNA						2021-04-06	ENCODE		chemical (Tn5 transposase)	200-7000	1, 2, 3	1_1, 2_1, 3_1							/files/ENCFF356LFX/, /files/ENCFF431FIJ/, /files/ENCFF452BSA/, /files/ENCFF417FFE/	6251263	ENCODE Processing Pipeline	8bf74b779aa4907d1fed76eba8350cef		https://www.encodeproject.org/files/ENCFF729MMJ/@@download/ENCFF729MMJ.bed.gz				released	s3://encode-public/2021/02/25/7c17d72a-c907-492e-a9a0-354bba541be2/ENCFF729MMJ.bed.gz	https://datasetencode.blob.core.windows.net/dataset/2021/02/25/7c17d72a-c907-492e-a9a0-354bba541be2/ENCFF729MMJ.bed.gz?sv=2019-10-10&si=prod&sr=c&sig=9qSQZo4ggrCNpybBExU8SypuUZV33igI11xw0P7rB3c%3D	ENCODE4 v1.9.1 GRCh38	released	low read depth		
ENCFF571JLT	bigWig	bigWig		signal p-value	GRCh38	ENCSR382LBS	ATAC-seq	/human-donors/ENCDO220OYR/	EFO:0001221	NCI-H929	cell line	Homo sapiens											DNA						2021-04-06	ENCODE		chemical (Tn5 transposase)	200-7000	1, 2, 3	1_1, 2_1, 3_1							/files/ENCFF818BRH/, /files/ENCFF531SQN/, /files/ENCFF830HOU/	1636738286	ENCODE Processing Pipeline	c07978b72474e366358bbc9eab2ce258		https://www.encodeproject.org/files/ENCFF571JLT/@@download/ENCFF571JLT.bigWig				released	s3://encode-public/2021/03/16/f0a77bfb-5e33-4a1e-8c84-f2eed1caca71/ENCFF571JLT.bigWig	https://datasetencode.blob.core.windows.net/dataset/2021/03/16/f0a77bfb-5e33-4a1e-8c84-f2eed1caca71/ENCFF571JLT.bigWig?sv=2019-10-10&si=prod&sr=c&sig=9qSQZo4ggrCNpybBExU8SypuUZV33igI11xw0P7rB3c%3D	ENCODE4 v1.8.0 GRCh38	released	low read depth	insufficient read depth	
ENCFF060HHC	bed narrowPeak	bed	narrowPeak	pseudoreplicated peaks	GRCh38	ENCSR382LBS	ATAC-seq	/human-donors/ENCDO220OYR/	EFO:0001221	NCI-H929	cell line	Homo sapiens											DNA						2021-04-06	ENCODE		chemical (Tn5 transposase)	200-7000	1, 2, 3	1_1, 2_1, 3_1							/files/ENCFF356LFX/, /files/ENCFF818BRH/, /files/ENCFF531SQN/, /files/ENCFF830HOU/	6545117	ENCODE Processing Pipeline	3dd52fe23774b15d0fe60f4cf180ff55		https://www.encodeproject.org/files/ENCFF060HHC/@@download/ENCFF060HHC.bed.gz				released	s3://encode-public/2021/03/16/f09858eb-6202-45f4-8b62-1b3503778e41/ENCFF060HHC.bed.gz	https://datasetencode.blob.core.windows.net/dataset/2021/03/16/f09858eb-6202-45f4-8b62-1b3503778e41/ENCFF060HHC.bed.gz?sv=2019-10-10&si=prod&sr=c&sig=9qSQZo4ggrCNpybBExU8SypuUZV33igI11xw0P7rB3c%3D	ENCODE4 v1.8.0 GRCh38	released	low read depth	insufficient read depth	
ENCFF976UNK	bigWig	bigWig		signal p-value	GRCh38	ENCSR422SUG	ATAC-seq	/human-donors/ENCDO000AAE/	EFO:0001203	MCF-7	cell line	Homo sapiens											DNA						2020-08-05	ENCODE		chemical (Tn5 transposase)	200-7000	1, 2	1_1, 2_1							/files/ENCFF772EFK/, /files/ENCFF607OSL/	725392188	ENCODE Processing Pipeline	f648df8c3515b57d2c49dbec8b46475e		https://www.encodeproject.org/files/ENCFF976UNK/@@download/ENCFF976UNK.bigWig				released	s3://encode-public/2021/02/24/e2146d1b-2362-4c4e-83a3-cfdd25fe1be3/ENCFF976UNK.bigWig	https://datasetencode.blob.core.windows.net/dataset/2021/02/24/e2146d1b-2362-4c4e-83a3-cfdd25fe1be3/ENCFF976UNK.bigWig?sv=2019-10-10&si=prod&sr=c&sig=9qSQZo4ggrCNpybBExU8SypuUZV33igI11xw0P7rB3c%3D	ENCODE4 v1.9.1 GRCh38	released	mild to moderate bottlenecking, moderate library complexity		
ENCFF821OEF	bed narrowPeak	bed	narrowPeak	pseudoreplicated peaks	GRCh38	ENCSR422SUG	ATAC-seq	/human-donors/ENCDO000AAE/	EFO:0001203	MCF-7	cell line	Homo sapiens											DNA						2020-08-05	ENCODE		chemical (Tn5 transposase)	200-7000	1, 2	1_1, 2_1							/files/ENCFF356LFX/, /files/ENCFF772EFK/, /files/ENCFF607OSL/	5947435	ENCODE Processing Pipeline	c0aa2f211c56fb5716e580ea3644a9a7		https://www.encodeproject.org/files/ENCFF821OEF/@@download/ENCFF821OEF.bed.gz				released	s3://encode-public/2021/02/24/4d3f2ca7-27f9-4232-b5f3-9a8247025f36/ENCFF821OEF.bed.gz	https://datasetencode.blob.core.windows.net/dataset/2021/02/24/4d3f2ca7-27f9-4232-b5f3-9a8247025f36/ENCFF821OEF.bed.gz?sv=2019-10-10&si=prod&sr=c&sig=9qSQZo4ggrCNpybBExU8SypuUZV33igI11xw0P7rB3c%3D	ENCODE4 v1.9.1 GRCh38	released	mild to moderate bottlenecking, moderate library complexity		
ENCFF600FDO	bigWig	bigWig		signal p-value	GRCh38	ENCSR483RKN	ATAC-seq	/human-donors/ENCDO000AAD/	EFO:0002067	K562	cell line	Homo sapiens											DNA						2020-07-21	ENCODE		chemical (Tn5 transposase)	200-7000	1, 2	1_1, 2_1							/files/ENCFF512VEZ/, /files/ENCFF987XOV/	864219407	ENCODE Processing Pipeline	044f8568fb4c7735cf01e4f8d0d3e5b9		https://www.encodeproject.org/files/ENCFF600FDO/@@download/ENCFF600FDO.bigWig				released	s3://encode-public/2021/02/24/4a49d22a-7bd2-4f3b-84c9-ac21e8afb33a/ENCFF600FDO.bigWig	https://datasetencode.blob.core.windows.net/dataset/2021/02/24/4a49d22a-7bd2-4f3b-84c9-ac21e8afb33a/ENCFF600FDO.bigWig?sv=2019-10-10&si=prod&sr=c&sig=9qSQZo4ggrCNpybBExU8SypuUZV33igI11xw0P7rB3c%3D	ENCODE4 v1.9.1 GRCh38	released	moderate library complexity, mild to moderate bottlenecking, low read depth		
ENCFF558BLC	bed narrowPeak	bed	narrowPeak	pseudoreplicated peaks	GRCh38	ENCSR483RKN	ATAC-seq	/human-donors/ENCDO000AAD/	EFO:0002067	K562	cell line	Homo sapiens											DNA						2020-07-21	ENCODE		chemical (Tn5 transposase)	200-7000	1, 2	1_1, 2_1							/files/ENCFF512VEZ/, /files/ENCFF356LFX/, /files/ENCFF987XOV/	4989495	ENCODE Processing Pipeline	3cd5e262b185a5459cfeaa5a2f1a2f18		https://www.encodeproject.org/files/ENCFF558BLC/@@download/ENCFF558BLC.bed.gz				released	s3://encode-public/2021/02/24/951841cc-1614-4971-9fb8-a61c03d4b167/ENCFF558BLC.bed.gz	https://datasetencode.blob.core.windows.net/dataset/2021/02/24/951841cc-1614-4971-9fb8-a61c03d4b167/ENCFF558BLC.bed.gz?sv=2019-10-10&si=prod&sr=c&sig=9qSQZo4ggrCNpybBExU8SypuUZV33igI11xw0P7rB3c%3D	ENCODE4 v1.9.1 GRCh38	released	moderate library complexity, mild to moderate bottlenecking, low read depth		
ENCFF370SJJ	bigWig	bigWig		signal p-value	GRCh38	ENCSR587TRP	ATAC-seq	/human-donors/ENCDO000ABD/	EFO:0003072	SK-N-SH	cell line	Homo sapiens	all-trans-retinoic acid	6 μM	48 hour								DNA						2020-08-05	ENCODE		chemical (Tn5 transposase)	200-7000	1, 2, 3	1_1, 2_1, 3_1							/files/ENCFF049RWL/, /files/ENCFF502IYP/, /files/ENCFF270AGJ/	1686296927	ENCODE Processing Pipeline	745d0f7fc43a4af5ab97f5540b04f217		https://www.encodeproject.org/files/ENCFF370SJJ/@@download/ENCFF370SJJ.bigWig				released	s3://encode-public/2021/02/24/f2156557-c6f9-4736-a327-891596395e41/ENCFF370SJJ.bigWig	https://datasetencode.blob.core.windows.net/dataset/2021/02/24/f2156557-c6f9-4736-a327-891596395e41/ENCFF370SJJ.bigWig?sv=2019-10-10&si=prod&sr=c&sig=9qSQZo4ggrCNpybBExU8SypuUZV33igI11xw0P7rB3c%3D	ENCODE4 v1.9.1 GRCh38	released	mild to moderate bottlenecking, moderate library complexity		
ENCFF716JUM	bed narrowPeak	bed	narrowPeak	pseudoreplicated peaks	GRCh38	ENCSR587TRP	ATAC-seq	/human-donors/ENCDO000ABD/	EFO:0003072	SK-N-SH	cell line	Homo sapiens	all-trans-retinoic acid	6 μM	48 hour								DNA						2020-08-05	ENCODE		chemical (Tn5 transposase)	200-7000	1, 2, 3	1_1, 2_1, 3_1							/files/ENCFF356LFX/, /files/ENCFF049RWL/, /files/ENCFF502IYP/, /files/ENCFF270AGJ/	7149678	ENCODE Processing Pipeline	a94091f4d35bdcbb5ce551fad645f0fd		https://www.encodeproject.org/files/ENCFF716JUM/@@download/ENCFF716JUM.bed.gz				released	s3://encode-public/2021/02/24/b92b7411-9b7b-44ce-b675-c17a29462340/ENCFF716JUM.bed.gz	https://datasetencode.blob.core.windows.net/dataset/2021/02/24/b92b7411-9b7b-44ce-b675-c17a29462340/ENCFF716JUM.bed.gz?sv=2019-10-10&si=prod&sr=c&sig=9qSQZo4ggrCNpybBExU8SypuUZV33igI11xw0P7rB3c%3D	ENCODE4 v1.9.1 GRCh38	released	mild to moderate bottlenecking, moderate library complexity		
