cancer	gse	cell	clcell	ncell	Final	ATAC	GSM	SRR	ID
AA	GSE81879	AA86	AA86	AA86	LGG
ALL	GSE145997	ALL_PDX17	ALL_PDX17	ALL_PDX17	LALL
ALL	GSE145997	ALL_PDX19	ALL_PDX19	ALL_PDX19	LALL
ALL	GSE145997	ALL_PDX23	ALL_PDX23	ALL_PDX23	LALL
ALL	GSE145997	ALL_PDX29	ALL_PDX29	ALL_PDX29	LALL
ALL	GSE145997	ALL_PDX31	ALL_PDX31	ALL_PDX31	LALL
ALL	GSE145997	ALL_PDX34	ALL_PDX34	ALL_PDX34	LALL
ALL	GSE145997	ALL_PDX40	ALL_PDX40	ALL_PDX40	LALL
ALL	GSE145997	GM12878	GM12878	GM12878	LALL	GSE145997	GSM4349508	SRR11187327	GM12878
ALL	GSE145997	GM12878	GM12878	GM12878	LALL	GSE145997	GSM4349509	SRR11187328	GM12878
ALL	GSE145997	GM12878	GM12878	GM12878	LALL	GSE145997	GSM4349507	SRR11187326	GM12878_engineered
ALL	GSE145997	GM12878	GM12878	GM12878	LALL	GSE145997	GSM4349506	SRR11187325	GM12878_engineered
AML	GSE108303	FLT3-ITD_cHiC	FLT3-ITD	FLT3-ITD	LAML
AML	GSE108303	t8_21_cHiC	t8_21	t8_21	LAML
AML	GSE115633	HL-60_S4	HL60	HL60	LAML
AML	GSE120815	HL-60_S4	HL60	HL60_2	LAML
AML	GSE131580	HL-60	HL60	HL60_3	LAML
AML	GSE147123	HL-60	HL60	HL60_4	LAML
AML	GSE147123	ML2	ML2	ML2	LAML
AML	GSE147123	MOLM13	MOLM13	MOLM13	LAML
AML	GSE147123	MV411	MV411	MV411	LAML
AML	GSE152136	PBMC_BM1	PBMC	PBMC	LAML	GSE152134	GSM4604255		576
AML	GSE152136	PBMC_BM2	PBMC	PBMC_2	LAML	GSE152134	GSM4604256		103
AML	GSE152136	PBMC_BM3	PBMC	PBMC_3	LAML	GSE152134	GSM4604257		673
AML	GSE165038	U937	U937	U937	LAML
AML	GSE208040	THP-1	THP1	THP1	LAML
AML	GSE235154	NB-4	NB4	NB4	LAML
AML	GSE63525	GM12878	GM12878	GM12878_4	LAML
AML	GSE93995	HL-60	HL60	HL60_5	LAML	GSE93995	GSM2466415	SRR5196903	HL60
AML	GSE93995	HL-60	HL60	HL60_5	LAML	GSE93995	GSM2466416	SRR5196904	HL60
B-ALL	GSE105776	B_lymphocytes	B_lymphocytes	B_lymphocytes	LALL	GSE126113	GSM3591807	SRR8534010	B_lymphocytes
B-ALL	GSE105776	B_lymphocytes	B_lymphocytes	B_lymphocytes	LALL	GSE126113	GSM3591807	SRR8534011	B_lymphocytes
B-ALL	GSE105776	B_lymphocytes	B_lymphocytes	B_lymphocytes	LALL	GSE126113	GSM3591808	SRR8534012	B_lymphocytes
B-ALL	GSE105776	B_lymphocytes	B_lymphocytes	B_lymphocytes	LALL	GSE126113	GSM3591808	SRR8534013	B_lymphocytes
B-ALL	GSE115491	Nalm6	NALM6	NALM6	LALL	GSE115482	GSM3178969	SRR7277901	NALM6
B-ALL	GSE136899	GM12878	GM12878	GM12878_2	LALL
B-ALL	GSE138862	B-ALL_minus27	B-ALL	B-ALL	LALL	NA	NA	NA	NA
B-ALL	GSE138862	B-ALL_minus35	B-ALL	B-ALL_2	LALL	NA	NA	NA	NA
B-ALL	GSE138862	B-ALL_plus27	B-ALL	B-ALL_3	LALL	NA	NA	NA	NA
B-ALL	GSE138862	B-ALL_plus35	B-ALL	B-ALL_4	LALL	NA	NA	NA	NA
B-ALL	GSE163696	BC1_latent	BC1	BC1	LALL	NA	NA	NA	NA
B-ALL	GSE163696	BC3_latent	BC3	BC3	LALL	NA	NA	NA	NA
B-ALL	GSE163696	BCBL-1_latent	BCBL1	BCBL1	LALL	NA	NA	NA	NA
B-ALL	GSE163696	BCBL-1_reactivated	BCBL1	BCBL1_2	LALL	NA	NA	NA	NA
B-ALL	GSE190843	697	697	697	LALL	NA	NA	NA	NA
B-ALL	GSE190843	NALM6	NALM6	NALM6_2	LALL	NA	NA	NA	NA
B-ALL	GSE190843	Reh	REH	REH	LALL	NA	NA	NA	NA
B-ALL	GSE73924	B-ALL	B-ALL	B-ALL_5	LALL	NA	NA	NA	NA
B-ALL	GSE73924	CALL4	CALL4	CALL4	LALL	NA	NA	NA	NA
B-ALL	GSE99946	BCBL1_TREx-KRta_Dox	BCBL1	BCBL1_3	LALL	NA	NA	NA	NA
B-ALL	GSE99946	BCBL1_TREx-KRta_NoDox	BCBL1	BCBL1_4	LALL	NA	NA	NA	NA
BL	GSE160973	Mutu-LCL	Mutu-LCL	Mutu-LCL	BL	NA	NA	NA	NA
BL	GSE160973	MutuI	MutuI	MutuI	BL	NA	NA	NA	NA
BL	GSE160973	MutuI_olaparib	MutuI	MutuI_2	BL	NA	NA	NA	NA
BL	GSE98120	Daudi	DAUDI	DAUDI	BL	NA	NA	NA	NA
BL	GSE98120	Namalwa	NAMALWA	NAMALWA	BL	NA	NA	NA	NA
BL	GSE98120	Raji	RAJI	RAJI	BL	NA	NA	NA	NA
BLCA	GSE148079	HT1376	HT1376	HT1376	BLCA	GSE148079	GSM4453789	SRR11478945	HT1376
BLCA	GSE148079	HT1376	HT1376	HT1376	BLCA	GSE148079	GSM4453790	SRR11478946	HT1376
BLCA	GSE148079	RT4	RT4	RT4	BLCA	GSE148079	GSM4453785	SRR11478941	RT4
BLCA	GSE148079	RT4	RT4	RT4	BLCA	GSE148079	GSM4453786	SRR11478942	RT4
BLCA	GSE148079	SCABER	SCABER	SCABER	BLCA	GSE148079	GSM4453787	SRR11478943	SCABER
BLCA	GSE148079	SCABER	SCABER	SCABER	BLCA	GSE148079	GSM4453788	SRR11478944	SCABER
BLCA	GSE148079	SW780	SW780	SW780	BLCA	GSE148079	GSM4995923	SRR13336761	SW780
BLCA	GSE148079	SW780	SW780	SW780	BLCA	GSE148079	GSM4995924	SRR13336762	SW780
BLCA	GSE87112	Bladder_Tissue	Bladder_Tissue	Bladder_Tissue	BLCA	NA	NA	NA	NA
BRCA	GSE105697	T47D	T47D	T47D	BRCA	NA	NA	NA	NA
BRCA	GSE109229	BT474	BT474	BT474	BRCA	NA	NA	NA	NA
BRCA	GSE109229	MCF10	MCF10A	MCF10A	BRCA	NA	NA	NA	NA
BRCA	GSE109229	MCF7	MCF7	MCF7	BRCA	NA	NA	NA	NA
BRCA	GSE109229	SKBR3	SKBR3	SKBR3	BRCA	NA	NA	NA	NA
BRCA	GSE109229	T47D	T47D	T47D_2	BRCA	NA	NA	NA	NA
BRCA	GSE118712	FASR	FASR	FASR	BRCA	NA	NA	NA	NA
BRCA	GSE118712	MCF7	MCF7	MCF7_2	BRCA	NA	NA	NA	NA
BRCA	GSE118712	TAMR	TAMR	TAMR	BRCA	NA	NA	NA	NA
BRCA	GSE121443	MCF7	MCF7	MCF7_3	BRCA	NA	NA	NA	NA
BRCA	GSE124409	MDA-MB-231	MDAMB231	MDAMB231	BRCA	GSE124409	GSM4557168	SRR11802226	MDAMB231
BRCA	GSE130916	MCF7	MCF7	MCF7_4	BRCA	NA	NA	NA	NA
BRCA	GSE143676	MDA-MB-231_bot5	MDAMB231	MDAMB231_2	BRCA	NA	NA	NA	NA
BRCA	GSE143676	MDA-MB-231_ctrl	MDAMB231	MDAMB231_3	BRCA	NA	NA	NA	NA
BRCA	GSE143676	MDA-MB-231_top5	MDAMB231	MDAMB231_4	BRCA	NA	NA	NA	NA
BRCA	GSE144377	MCF7L	MCF7	MCF7_5	BRCA	NA	NA	NA	NA
BRCA	GSE147123	BT-20	BT20	BT20	BRCA	NA	NA	NA	NA
BRCA	GSE147123	BT-549	BT549	BT549	BRCA	NA	NA	NA	NA
BRCA	GSE147123	DU4475	DU4475	DU4475	BRCA	NA	NA	NA	NA
BRCA	GSE147123	HCC1187	HCC1187	HCC1187	BRCA	NA	NA	NA	NA
BRCA	GSE147123	HCC1569	HCC1569	HCC1569	BRCA	NA	NA	NA	NA
BRCA	GSE147123	HCC1599	HCC1599	HCC1599	BRCA	NA	NA	NA	NA
BRCA	GSE147123	HCC1806	HCC1806	HCC1806	BRCA	NA	NA	NA	NA
BRCA	GSE147123	HCC1937	HCC1937	HCC1937	BRCA	NA	NA	NA	NA
BRCA	GSE147123	HCC2157	HCC2157	HCC2157	BRCA	NA	NA	NA	NA
BRCA	GSE147123	HCC2218	HCC2218	HCC2218	BRCA	NA	NA	NA	NA
BRCA	GSE147123	HCC38	HCC38	HCC38	BRCA	NA	NA	NA	NA
BRCA	GSE147123	HCC70	HCC70	HCC70	BRCA	NA	NA	NA	NA
BRCA	GSE147123	HS578T	HS578T	HS578T	BRCA	NA	NA	NA	NA
BRCA	GSE147123	MDA-MB-468	MDAMB468	MDAMB468	BRCA	NA	NA	NA	NA
BRCA	GSE147123	MDA-MD-231	MDAMD231	MDAMD231	BRCA	NA	NA	NA	NA
BRCA	GSE147123	MDA-MD-436	MDAMD436	MDAMD436	BRCA	NA	NA	NA	NA
BRCA	GSE147627	T47D-MTVL	T47D	T47D_3	BRCA	NA	NA	NA	NA
BRCA	GSE165570	MCF10A	MCF10A	MCF10A_2	BRCA	NA	NA	NA	NA
BRCA	GSE165570	MCF7	MCF7	MCF7_6	BRCA	NA	NA	NA	NA
BRCA	GSE165570	MCF7TR	MCF7	MCF7_7	BRCA	NA	NA	NA	NA
BRCA	GSE167150	3neg_patient1	3neg_patient1	3neg_patient1	BRCA	NA	NA	NA	NA
BRCA	GSE167150	3neg_patient2	3neg_patient2	3neg_patient2	BRCA	NA	NA	NA	NA
BRCA	GSE167150	3neg_patient3	3neg_patient3	3neg_patient3	BRCA	NA	NA	NA	NA
BRCA	GSE167150	BT-549	BT549	BT549_2	BRCA	GSE167153	GSM5098140	SRR13755451	BT549
BRCA	GSE167150	BT-549	BT549	BT549_2	BRCA	GSE167153	GSM5098141	SRR13755452	BT549
BRCA	GSE167150	HCC1954	HCC1954	HCC1954	BRCA	NA	NA	NA	NA
BRCA	GSE167150	HCC70	HCC70	HCC70_2	BRCA	NA	NA	NA	NA
BRCA	GSE167150	Norm_patient1	Norm_patient1	Norm_patient1	BRCA	NA	NA	NA	NA
BRCA	GSE167150	Norm_patient2	Norm_patient2	Norm_patient2	BRCA	NA	NA	NA	NA
BRCA	GSE167150	Norm_patient3	Norm_patient3	Norm_patient3	BRCA	NA	NA	NA	NA
BRCA	GSE167150	Norm_patient4	Norm_patient4	Norm_patient4	BRCA	NA	NA	NA	NA
BRCA	GSE167150	Norm_patient5	Norm_patient5	Norm_patient5	BRCA	NA	NA	NA	NA
BRCA	GSE167150	T47D-MTVL	T47D	T47D_4	BRCA	NA	NA	NA	NA
BRCA	GSE167150	ZR7530	ZR7530	ZR7530	BRCA	NA	NA	NA	NA
BRCA	GSE167150	mammary_epithelial	mammary_epithelial	mammary_epithelial	BRCA	GSE167153	GSM5098138	SRR13755449	mammary_epithelial
BRCA	GSE167150	mammary_epithelial	mammary_epithelial	mammary_epithelial	BRCA	GSE167153	GSM5098139	SRR13755450	mammary_epithelial
BRCA	GSE172618	T47D-MTVL	T47D	T47D_5	BRCA	NA	NA	NA	NA
BRCA	GSE195810	MCF7	MCF7	MCF7_8	BRCA	NA	NA	NA	NA
BRCA	GSE195810	MCF7M1	MCF7	MCF7_9	BRCA	NA	NA	NA	NA
BRCA	GSE195810	MCF7TR	MCF7	MCF7_10	BRCA	NA	NA	NA	NA
BRCA	GSE205874	MCF7	MCF7	MCF7_11	BRCA	NA	NA	NA	NA
BRCA	GSE234323	MDA-MB-436	MDAMB436	MDAMB436	BRCA	NA	NA	NA	NA
BRCA	GSE237722	MCF7	MCF7	MCF7_12	BRCA	NA	NA	NA	NA
BRCA	GSE247777	T47D	T47D	T47D_6	BRCA	GSE247777	GSM7900698	SRR26980783	T47D
BRCA	GSE247777	T47D	T47D	T47D_6	BRCA	GSE247777	GSM7900699	SRR26980749	T47D
BRCA	GSE247777	T47D	T47D	T47D_6	BRCA	GSE247777	GSM7900700	SRR26980744	T47D
BRCA	GSE247777	T47D	T47D	T47D_6	BRCA	GSE247777	GSM7900701	SRR26980784	T47D
BRCA	GSE51687	MCF7	MCF7	MCF7_13	BRCA	NA	NA	NA	NA
BRCA	GSE53463	T47D_HindIII	T47D	T47D_7	BRCA	NA	NA	NA	NA
BRCA	GSE53463	T47D_NcoI	T47D	T47D_8	BRCA	NA	NA	NA	NA
BRCA	GSE55634	BT483	BT483	BT483	BRCA	NA	NA	NA	NA
BRCA	GSE55634	SUM44	SUM44	SUM44	BRCA	NA	NA	NA	NA
BRCA	GSE66733	MCF7	MCF7	MCF7_14	BRCA	NA	NA	NA	NA
BRCA	GSE68858	MCF7	MCF7	MCF7_15	BRCA	NA	NA	NA	NA
BRCA	GSE75070	MCF7	MCF7	MCF7_16	BRCA	NA	NA	NA	NA
BRCA	GSE98552	MCF10AT1	MCF10A	MCF10A_3	BRCA	NA	NA	NA	NA
BRCA	GSE98552	MCF10CA1a	MCF10A	MCF10A_4	BRCA	NA	NA	NA	NA
CESC	GSE102884	HeLa	HELA	HELA	CESC	NA	NA	NA	NA
CESC	GSE102884	HeLa_CTCF-AID_auxin	HELA	HELA_2	CESC	NA	NA	NA	NA
CESC	GSE102884	HeLa_G1	HELA	HELA_3	CESC	NA	NA	NA	NA
CESC	GSE102884	HeLa_G2	HELA	HELA_4	CESC	NA	NA	NA	NA
CESC	GSE102884	HeLa_Prometa	HELA	HELA_5	CESC	NA	NA	NA	NA
CESC	GSE102884	HeLa_S	HELA	HELA_6	CESC	NA	NA	NA	NA
CESC	GSE102884	HeLa_Scc1-AID_auxin	HELA	HELA_7	CESC	NA	NA	NA	NA
CESC	GSE114539	HeLa	HELA	HELA_8	CESC
CESC	GSE114539	SF3B1	SF3B1	SF3B1	CESC
CESC	GSE119825	HeLa_clone26a_async	HELA	HELA_9	CESC
CESC	GSE119825	HeLa_clone26a_mitotic	HELA	HELA_10	CESC
CESC	GSE119825	HeLa_clone27b	HELA	HELA_11	CESC
CESC	GSE119825	HeLa_clone27b_mitotic	HELA	HELA_12	CESC
CESC	GSE119825	HeLa_clone27k_async	HELA	HELA_13	CESC
CESC	GSE119825	HeLa_clone27k_mitotic	HELA	HELA_14	CESC
CESC	GSE138405	HeLa_G1_HindIII	HELA	HELA_15	CESC
CESC	GSE138405	HeLa_G1_MboI	HELA	HELA_16	CESC
CESC	GSE152373	HeLa_4sT	HELA	HELA_17	CESC
CESC	GSE152373	HeLa_G1	HELA	HELA_18	CESC
CESC	GSE152373	HeLa_G1_4sT	HELA	HELA_19	CESC
CESC	GSE152373	HeLa_G1label	HELA	HELA_20	CESC
CESC	GSE152373	HeLa_G2	HELA	HELA_21	CESC
CESC	GSE152373	HeLa_Prometa	HELA	HELA_22	CESC
CESC	GSE165463	HeLa	HELA	HELA_23	CESC
CESC	GSE173781	HeLa	HELA	HELA_24	CESC
CESC	GSE183186	HeLa-S3	HELA	HELA_25	CESC
CESC	PRJCA001242	cervical_epithelial_cell	cervical_epithelial_cell	cervical_epithelial_cell	CESC
CLL	GSE163896	CLL_102	CLL_102	CLL_102	CLL	GSE163896	GSM4989571	SRR13310948	CLL_102
CLL	GSE163896	CLL_102	CLL_102	CLL_102	CLL	GSE163896	GSM4989571	SRR13310949	CLL_102
CLL	GSE163896	CLL_102	CLL_102	CLL_102	CLL	GSE163896	GSM4989571	SRR13310950	CLL_102
CLL	GSE163896	CLL_102	CLL_102	CLL_102	CLL	GSE163896	GSM4989571	SRR13310951	CLL_102
CLL	GSE163896	CLL_312	CLL_312	CLL_312	CLL	GSE163896	GSM4989572	SRR13310952	CLL_312
CLL	GSE163896	CLL_312	CLL_312	CLL_312	CLL	GSE163896	GSM4989572	SRR13310953	CLL_312
CLL	GSE163896	CLL_312	CLL_312	CLL_312	CLL	GSE163896	GSM4989572	SRR13310954	CLL_312
CLL	GSE163896	CLL_312	CLL_312	CLL_312	CLL	GSE163896	GSM4989572	SRR13310955	CLL_312
CLL	GSE163896	CLL_324	CLL_324	CLL_324	CLL	GSE163896	GSM4989573	SRR13310956	CLL_324
CLL	GSE163896	CLL_324	CLL_324	CLL_324	CLL	GSE163896	GSM4989573	SRR13310957	CLL_324
CLL	GSE163896	CLL_324	CLL_324	CLL_324	CLL	GSE163896	GSM4989573	SRR13310958	CLL_324
CLL	GSE163896	CLL_324	CLL_324	CLL_324	CLL	GSE163896	GSM4989573	SRR13310959	CLL_324
CLL	GSE163896	CLL_344	CLL_344	CLL_344	CLL	GSE163896	GSM4989574	SRR13310960	CLL_344
CLL	GSE163896	CLL_344	CLL_344	CLL_344	CLL	GSE163896	GSM4989574	SRR13310961	CLL_344
CLL	GSE163896	CLL_344	CLL_344	CLL_344	CLL	GSE163896	GSM4989574	SRR13310962	CLL_344
CLL	GSE163896	CLL_344	CLL_344	CLL_344	CLL	GSE163896	GSM4989574	SRR13310963	CLL_344
CLL	GSE163896	CLL_401	CLL_401	CLL_401	CLL	GSE163896	GSM4989575	SRR13310964	CLL_401
CLL	GSE163896	CLL_401	CLL_401	CLL_401	CLL	GSE163896	GSM4989575	SRR13310965	CLL_401
CLL	GSE163896	CLL_401	CLL_401	CLL_401	CLL	GSE163896	GSM4989575	SRR13310966	CLL_401
CLL	GSE163896	CLL_401	CLL_401	CLL_401	CLL	GSE163896	GSM4989575	SRR13310967	CLL_401
CLL	GSE163896	CLL_484	CLL_484	CLL_484	CLL	GSE163896	GSM4989576	SRR13310968	CLL_484
CLL	GSE163896	CLL_484	CLL_484	CLL_484	CLL	GSE163896	GSM4989576	SRR13310969	CLL_484
CLL	GSE163896	CLL_484	CLL_484	CLL_484	CLL	GSE163896	GSM4989576	SRR13310970	CLL_484
CLL	GSE163896	CLL_484	CLL_484	CLL_484	CLL	GSE163896	GSM4989576	SRR13310971	CLL_484
CML	GSE137372	KBM7	KBM7	KBM7	CML
CML	GSE137373	KBM7	KBM7	KBM7_2	CML
CML	GSE180922	HAP1	HAP1	HAP1	CML
CML	GSE182500	HAP1	HAP1	HAP1_2	CML
CRC	GSE137188	09-376	09-376	09-376	CRC
CRC	GSE137188	11-1026	11-1026	11-1026	CRC
CRC	GSE137188	11-1074	11-1074	11-1074	CRC
CRC	GSE137188	11-1074_Normal	11-1074_Normal	11-1074_Normal	CRC
CRC	GSE137188	11-51	11-51	11-51	CRC
CRC	GSE137188	11-51_Normal	11-51_Normal	11-51_Normal	CRC
CRC	GSE137188	11-52	11-52	11-52	CRC
CRC	GSE137188	11-52_Normal	11-52_Normal	11-52_Normal	CRC
CRC	GSE137188	11-63	11-63	11-63	CRC
CRC	GSE137188	11-63_Normal	11-63_Normal	11-63_Normal	CRC
CRC	GSE137188	11-927	11-927	11-927	CRC
CRC	GSE137188	11-983	11-983	11-983	CRC
CRC	GSE137188	12-251	12-251	12-251	CRC
CRC	GSE137188	12-251_Normal	12-251_Normal	12-251_Normal	CRC
CRC	GSE137188	13-1317	13-1317	13-1317	CRC
CRC	GSE137188	13-1320	13-1320	13-1320	CRC
CRC	GSE137188	13-1321	13-1321	13-1321	CRC
CRC	GSE137188	13-1334	13-1334	13-1334	CRC
CRC	GSE137188	13-1410	13-1410	13-1410	CRC
CRC	GSE137188	13-1413	13-1413	13-1413	CRC
CRC	GSE137188	13-1483	13-1483	13-1483	CRC
CRC	GSE137188	13-257	13-257	13-257	CRC
CRC	GSE137188	13-542	13-542	13-542	CRC
CRC	GSE137188	13-542_Normal	13-542_Normal	13-542_Normal	CRC
CRC	GSE137188	13-545	13-545	13-545	CRC
CRC	GSE137188	13-731	13-731	13-731	CRC
CRC	GSE137188	13-731_Normal	13-731_Normal	13-731_Normal	CRC
CRC	GSE137188	14-1083	14-1083	14-1083	CRC
CRC	GSE137188	14-114	14-114	14-114	CRC
CRC	GSE137188	14-1251	14-1251	14-1251	CRC
CRC	GSE137188	14-1251_Normal	14-1251_Normal	14-1251_Normal	CRC
CRC	GSE137188	14-132	14-132	14-132	CRC
CRC	GSE137188	14-151	14-151	14-151	CRC
CRC	GSE137188	14-151_Normal	14-151_Normal	14-151_Normal	CRC
CRC	GSE137188	14-258	14-258	14-258	CRC
CRC	GSE137188	14-275	14-275	14-275	CRC
CRC	GSE137188	14-326	14-326	14-326	CRC
CRC	GSE137188	14-328	14-328	14-328	CRC
CRC	GSE137188	14-426	14-426	14-426	CRC
CRC	GSE137188	14-431	14-431	14-431	CRC
CRC	GSE137188	14-442	14-442	14-442	CRC
CRC	GSE137188	14-494	14-494	14-494	CRC
CRC	GSE137188	14-810	14-810	14-810	CRC
CRC	GSE137188	14-91	14-91	14-91	CRC
CRC	GSE137188	15-1382	15-1382	15-1382	CRC
CRC	GSE137188	15-1420	15-1420	15-1420	CRC
CRC	GSE137188	15-418	15-418	15-418	CRC
CRC	GSE137188	15-446	15-446	15-446	CRC
CRC	GSE137188	16-178	16-178	16-178	CRC
CRC	GSE137188	16-178_Normal	16-178_Normal	16-178_Normal	CRC
CRC	GSE151970	SW480	SW480	SW480	CRC
CRC	GSE160235	DLD-1_G1	DLD1	DLD1_2	CRC
CRC	GSE160235	DLD-1_async	DLD1	DLD1	CRC
CRC	GSE160235	DLD-1_reenter_sync	DLD1	DLD1_3	CRC
CRC	GSE160235	HCT116	HCT116	HCT116	CRC
CRC	GSE178593	DLD-1	DLD1	DLD1_4	CRC
CRC	GSE182105	DKO	DKO	DKO	CRC
CRC	GSE182105	HCT116	HCT116	HCT116_2	CRC
CRC	GSE207951	A001C007	A001C007	A001C007	CRC
CRC	GSE207951	A001C008	A001C008	A001C008	CRC
CRC	GSE207951	A001C011	A001C011	A001C011	CRC
CRC	GSE207951	A001C013	A001C013	A001C013	CRC
CRC	GSE207951	A001C019	A001C019	A001C019	CRC
CRC	GSE207951	A001C023	A001C023	A001C023	CRC
CRC	GSE207951	A001C024	A001C024	A001C024	CRC
CRC	GSE207951	A002C001	A002C001	A002C001	CRC
CRC	GSE207951	A002C002	A002C002	A002C002	CRC
CRC	GSE207951	A002C006	A002C006	A002C006	CRC
CRC	GSE207951	A002C010	A002C010	A002C010	CRC
CRC	GSE207951	A002C012	A002C012	A002C012	CRC
CRC	GSE207951	A002C013	A002C013	A002C013	CRC
CRC	GSE207951	A002C122	A002C122	A002C122	CRC
CRC	GSE207951	A002C212	A002C212	A002C212	CRC
CRC	GSE207951	A014C004	A014C004	A014C004	CRC
CRC	GSE207951	A014C012	A014C012	A014C012	CRC
CRC	GSE207951	A014C038	A014C038	A014C038	CRC
CRC	GSE207951	A014C040	A014C040	A014C040	CRC
CRC	GSE207951	A014C041	A014C041	A014C041	CRC
CRC	GSE207951	A014C045	A014C045	A014C045	CRC
CRC	GSE207951	A014C046	A014C046	A014C046	CRC
CRC	GSE207951	A014C053	A014C053	A014C053	CRC
CRC	GSE207951	A014C054	A014C054	A014C054	CRC
CRC	GSE207951	A015C004	A015C004	A015C004	CRC
CRC	GSE207951	A015C006	A015C006	A015C006	CRC
CRC	GSE207951	A015C010	A015C010	A015C010	CRC
CRC	GSE207951	CRC15157	CRC15157	CRC15157	CRC
CRC	GSE207951	CRC19779	CRC19779	CRC19779	CRC
CRC	GSE207951	CRC25135	CRC25135	CRC25135	CRC
CRC	GSE207951	CRC25988	CRC25988	CRC25988	CRC
CRC	GSE207951	CRC26616	CRC26616	CRC26616	CRC
CRC	GSE207951	CRC8396	CRC8396	CRC8396	CRC
CRC	GSE35585	Caco-2	CACO2	CACO2	CRC
DLBCL	GSE168470	ABC-DLBCL	ABC-DLBCL	ABC-DLBCL	DLBC
DLBCL	GSE168470	DLBCL_patient	DLBCL_patient	DLBCL_patient	DLBC
DLBCL	GSE168470	Germinal_Center_B-cells	Germinal_Center_B-cells	Germinal_Center_B-cells	DLBC
DLBCL	GSE168470	WSU-DLCL2	WSU-DLCL2	WSU-DLCL2	DLBC
DLBCL	GSE35585	OCI-LY7	OCILY7	OCILY7	DLBC
ES	GSE185125	A673	A673	A673	ESCA
ES	GSE242273	CHLA9	CHLA9	CHLA9	ESCA
ES	GSE242273	Chondrogenic_precursor	Chondrogenic_precursor	Chondrogenic_precursor	ESCA
ES	GSE242273	Hypertrophic_chondrocyte	Hypertrophic_chondrocyte	Hypertrophic_chondrocyte	ESCA
ES	GSE242273	Mesenchymal_condensate	Mesenchymal_condensate	Mesenchymal_condensate	ESCA
ES	GSE242273	Proliferating_chondrocyte	Proliferating_chondrocyte	Proliferating_chondrocyte	ESCA
ES	GSE242273	TC32	TC32	TC32	ESCA
ES	GSE242273	teloHAEC	teloHAEC	teloHAEC	ESCA
ES	GSE90634	VA-ES-BJ_BAF47	VAESBJ	VAESBJ	ESCA
ES	GSE90634	VA-ES-BJ_empty	VAESBJ	VAESBJ_2	ESCA
FSA	GSE261834	HT1080	HT1080	HT1080	SARC
GBM	EGAD00001010312	P455_SF11901	P455_SF11901	P455_SF11901	GBM
GBM	EGAD00001010312	P475_SF12180	P475_SF12180	P475_SF12180	GBM
GBM	EGAD00001010312	P498_SF12251	P498_SF12251	P498_SF12251	GBM
GBM	EGAD00001010312	P503_SF12518	P503_SF12518	P503_SF12518	GBM
GBM	EGAD00001010312	P519_SF12601	P519_SF12601	P519_SF12601	GBM
GBM	EGAD00001010312	P521_SF12631	P521_SF12631	P521_SF12631	GBM
GBM	EGAD00001010312	P524_SF12681v1	P524_SF12681v1	P524_SF12681v1	GBM
GBM	EGAD00001010312	P524_SF12681v4	P524_SF12681v4	P524_SF12681v4	GBM
GBM	EGAD00001010312	P524_SF12681v9	P524_SF12681v9	P524_SF12681v9	GBM
GBM	EGAD00001010312	P529_SF12794v1-1	P529_SF12794v1-1	P529_SF12794v1-1	GBM
GBM	EGAD00001010312	P529_SF12794v6-1	P529_SF12794v6-1	P529_SF12794v6-1	GBM
GBM	EGAD00001010312	P529_SF12794v8-1	P529_SF12794v8-1	P529_SF12794v8-1	GBM
GBM	EGAD00001010312	P530_SF12822v10	P530_SF12822v10	P530_SF12822v10	GBM
GBM	EGAD00001010312	P530_SF12822v13	P530_SF12822v13	P530_SF12822v13	GBM
GBM	EGAD00001010312	P530_SF12822v14	P530_SF12822v14	P530_SF12822v14	GBM
GBM	EGAD00001010312	P530_SF12822v15	P530_SF12822v15	P530_SF12822v15	GBM
GBM	EGAD00001010312	P530_SF12822v18	P530_SF12822v18	P530_SF12822v18	GBM
GBM	EGAD00001010312	P530_SF12822v19	P530_SF12822v19	P530_SF12822v19	GBM
GBM	EGAD00001010312	P530_SF12822v2	P530_SF12822v2	P530_SF12822v2	GBM
GBM	EGAD00001010312	P530_SF12822v4	P530_SF12822v4	P530_SF12822v4	GBM
GBM	EGAD00001010312	P530_SF12822v5	P530_SF12822v5	P530_SF12822v5	GBM
GBM	ENCODE	iPSC	iPSC	iPSC	GBM
GBM	GSE125243	U251	U251	U251	GBM
GBM	GSE125243	U251_capHiC	U251	U251_2	GBM
GBM	GSE146731	DIPG6_S1	DIPG6	DIPG6	GBM
GBM	GSE146731	G477_S1	G477	G477	GBM
GBM	GSE146731	HSJD-GBM002	HSJD-GBM002	HSJD-GBM002	GBM
GBM	GSE146731	KNS-42	KNS42	KNS42	GBM
GBM	GSE146731	PCGBM2_S1	PCGBM2	PCGBM2	GBM
GBM	GSE146731	PS10-801	PS10801	PS10801	GBM
GBM	GSE147123	A172	A172	A172	GBM
GBM	GSE147123	SW1088	SW1088	SW1088	GBM
GBM	GSE147123	U118	U118	U118	GBM
GBM	GSE147123	U343	U343	U343	GBM
GBM	GSE147123	U87	U87	U87	GBM
GBM	GSE162976	DIPG007	DIPG007	DIPG007	GBM
GBM	GSE162976	DIPGXIII	DIPGXIII	DIPGXIII	GBM
GBM	GSE162976	G523	G523	G523	GBM
GBM	GSE162976	G567	G567	G567	GBM
GBM	GSE162976	G583	G583	G583	GBM
GBM	GSE162976	NHA	NHA	NHA	GBM
GBM	GSE162976	SF9427	SF9427	SF9427	GBM
GBM	GSE185192	NPC	NPC	NPC	GBM
GBM	GSE220103	NPC	NPC	NPC_2	GBM
GBM	GSE220103	iPSC	iPSC	iPSC_2	GBM
GBM	GSE229962	G1	G1	G1	GBM
GBM	GSE229962	G120	G120	G120	GBM
GBM	GSE229962	G148	G148	G148	GBM
GBM	GSE229962	G163	G163	G163	GBM
GBM	GSE229962	G171	G171	G171	GBM
GBM	GSE229962	G181	G181	G181	GBM
GBM	GSE229962	G208	G208	G208	GBM
GBM	GSE229962	G213	G213	G213	GBM
GBM	GSE229962	G23	G23	G23	GBM
GBM	GSE229962	G275	G275	G275	GBM
GBM	GSE229962	G275R	G275R	G275R	GBM
GBM	GSE229962	G28	G28	G28	GBM
GBM	GSE229962	G318	G318	G318	GBM
GBM	GSE229962	G323	G323	G323	GBM
GBM	GSE229962	G351	G351	G351	GBM
GBM	GSE229962	G390	G390	G390	GBM
GBM	GSE229962	G394	G394	G394	GBM
GBM	GSE229962	G402	G402	G402	GBM
GBM	GSE229962	G402R	G402R	G402R	GBM
GBM	GSE229962	G412	G412	G412	GBM
GBM	GSE229962	G412R	G412R	G412R	GBM
GBM	GSE229962	G450	G450	G450	GBM
GBM	GSE229962	G452C	G452C	G452C	GBM
GBM	GSE229962	G452P	G452P	G452P	GBM
GBM	GSE229962	G457	G457	G457	GBM
GBM	GSE229962	G61	G61	G61	GBM
GBM	GSE229962	G62	G62	G62	GBM
GBM	GSE229962	G83	G83	G83	GBM
GBM	GSE240343	42MGBA	42MGBA	42MGBA	GBM
GBM	GSE240343	H4	H4	H4	GBM
GBM	GSE241592	NHA	NHA	NHA_2	GBM
GBM	GSE81879	GB176	GB176	GB176	GBM
GBM	GSE81879	GB180	GB180	GB180	GBM
GBM	GSE81879	GB182	GB182	GB182	GBM
GBM	GSE81879	GB183	GB183	GB183	GBM
GBM	GSE81879	GB238	GB238	GB238	GBM
GBM	PRJNA532762	A172	A172	A172_2	GBM
GBM	PRJNA532762	NHA	NHA	NHA_3	GBM
GBM	PRJNA63443	NHA	NHA	NHA_4	GBM
GC	GSE118391	SNU16	SNU16	SNU16	STAD
GC	GSE118391	T2000877	T2000877	T2000877	STAD
GC	GSE118391	T990275	T990275	T990275	STAD
GC	GSE135941	GES-1	GES1	GES1	STAD
GC	GSE135941	GES-1_ctrl	GES1	GES1_2	STAD
GC	GSE135941	HFE145	HFE145	HFE145	STAD
GC	GSE135941	IM95	IM95	IM95	STAD
GC	GSE135941	MKN1	MKN1	MKN1	STAD
GC	GSE135941	MKN7	MKN7	MKN7	STAD
GC	GSE135941	MKN7_ctrl	MKN7	MKN7_2	STAD
GC	GSE135941	NCC19	NCC19	NCC19	STAD
GC	GSE135941	NCC24	NCC24	NCC24	STAD
GC	GSE135941	NCC59	NCC59	NCC59	STAD
GC	GSE135941	NUGC3	NUGC3	NUGC3	STAD
GC	GSE135941	OCUM1	OCUM1	OCUM1	STAD
GC	GSE135941	SNU16	SNU16	SNU16_2	STAD
GC	GSE135941	SNU1750	SNU1750	SNU1750	STAD
GC	GSE135941	SNU1967	SNU1967	SNU1967	STAD
GC	GSE135941	SNU484	SNU484	SNU484	STAD
GC	GSE135941	SNU719	SNU719	SNU719	STAD
GC	GSE135941	YCC10	YCC10	YCC10	STAD
GC	GSE135941	primary_EBVp_GC_tissue	primary_EBVp_GC_tissue	primary_EBVp_GC_tissue	STAD
HCC	GSE113405	HepG2	HEPG2	HEPG2	LIHC
HCC	GSE120023	HepG2	HEPG2	HEPG2_6	LIHC
HCC	GSE120023	HepG2_RBM25-KD	HEPG2	HEPG2_7	LIHC
HCC	GSE298819	PHH	PHH	PHH	LIHC
HCC	GSE35585	HepG2_ENCLB009YAO	HEPG2	HEPG2_2	LIHC
HCC	GSE35585	HepG2_ENCLB567NSJ	HEPG2	HEPG2_3	LIHC
HCC	GSE35585	HepG2_ENCLB740OBC	HEPG2	HEPG2_4	LIHC
HCC	GSE59395	HepG2	HEPG2	HEPG2_5	LIHC
MB	GSE240410	D458	D458	D458	MB	GSE240830	GSM7710236	SRR25635606	D458
MB	GSE240410	MB102	MB102	MB102	MB	GSE240830	GSM7710215	SRR25635631	MB102
MB	GSE240410	MB106	MB106	MB106	MB	GSE240830	GSM7710217	SRR25635628	MB106
MB	GSE240410	MB164	MB164	MB164	MB	GSE240830	GSM7710219	SRR25635626	MB164
MB	GSE240410	MB174	MB174	MB174	MB	GSE240830	GSM7710220	SRR25635624	MB174
MB	GSE240410	MB174	MB174	MB174	MB	GSE240830	GSM7710220	SRR25635625	MB174
MB	GSE240410	MB199	MB199	MB199	MB	GSE240830	GSM7710221	SRR25635623	MB199
MB	GSE240410	MB227	MB227	MB227	MB	GSE240830	GSM7710222	SRR25635622	MB227
MB	GSE240410	MB234	MB234	MB234	MB	GSE240830	GSM7710223	SRR25635621	MB234
MB	GSE240410	MB244	MB244	MB244	MB	GSE240830	GSM7710224	SRR25635620	MB244
MB	GSE240410	MB248	MB248	MB248	MB	GSE240830	GSM7710226	SRR25635618	MB248
MB	GSE240410	MB264	MB264	MB264	MB	GSE240830	GSM7710227	SRR25635616	MB264
MB	GSE240410	MB264	MB264	MB264	MB	GSE240830	GSM7710227	SRR25635617	MB264
MB	GSE240410	MB268	MB268	MB268	MB	GSE240830	GSM7710228	SRR25635615	MB268
MB	GSE240410	MB274	MB274	MB274	MB	GSE240830	GSM7710229	SRR25635613	MB274
MB	GSE240410	MB274	MB274	MB274	MB	GSE240830	GSM7710229	SRR25635614	MB274
MB	GSE240410	MB275	MB275	MB275	MB	GSE240830	GSM7710230	SRR25635612	MB275
MB	GSE240410	MB277	MB277	MB277	MB	GSE240830	GSM7710231	SRR25635611	MB277
MB	GSE240410	MB288	MB288	MB288	MB	GSE240830	GSM7710235	SRR25635607	MB288
MCL	GSE147123	Granta	GRANTA452	GRANTA452	MCL
MCL	GSE147123	Jeko1	JEKO1	JEKO1	MCL
MCL	GSE147123	Maver-1	MAVER1	MAVER1	MCL
MCL	GSE147123	Mino-1	MINO	MINO	MCL
MCL	GSE147123	Rec-1	REC1	REC1	MCL
MCL	GSE268226	REC-1	REC1	REC1_2	MCL
MEL	GSE136899	ATMhTERT	ATMhTERT	ATMhTERT	SKCM
MEL	GSE136899	BJ1	BJ1	BJ1	SKCM
MEL	GSE136899	BJ5ta	BJ5ta	BJ5ta	SKCM
MEL	GSE136899	GM02052	GM02052	GM02052	SKCM
MEL	GSE136899	MRC5	MRC5	MRC5	SKCM
MEL	GSE143676	A375	A375	A375	SKCM
MEL	GSE147123	A2058	A2058	A2058	SKCM
MEL	GSE151193	HaCaT_Keratinocyte	HaCaT_Keratinocyte	HaCaT_Keratinocyte	SKCM
MEL	GSE186055	melanoma	melanoma	melanoma	SKCM
MEL	GSE248849	MNT-1_Hae3	MNT1	MNT1	SKCM
MEL	GSE248849	MNT-1_Hae3_Alu1	MNT1	MNT1_2	SKCM
MEL	GSE275396	A375-Clone3-ITGB4neg	A375	A375_2	SKCM
MEL	GSE275396	A375-Clone3-ITGB4pos	A375	A375_3	SKCM
MEL	GSE275396	A375-Parental-ITGB4neg	A375	A375_4	SKCM
MEL	GSE275396	A375-Parental-ITGB4pos	A375	A375_5	SKCM
MEL	GSE59395	RPMI-7951	RPMI7951	RPMI7951	SKCM
MM	GSE100832	GM12878	GM12878	GM12878_3	MM
MM	GSE100832	RPMI-8226	RPMI8226	RPMI8226	MM
MM	GSE100832	U266	U266	U266	MM
MM	GSE131651	NSD2_High_1	NSD2	NSD2	MM
MM	GSE131651	NSD2_High_2	NSD2	NSD2_2	MM
MM	GSE131651	NSD2_Low_1	NSD2	NSD2_3	MM
MM	GSE131651	NSD2_Low_2	NSD2	NSD2_4	MM
MM	GSE87585	RPMI-8226_HindIII	RPMI8226	RPMI8226_2	MM
MM	GSE87585	RPMI-8226_MboI	RPMI8226	RPMI8226_3	MM
MM	GSE87585	U266_HindIII	U266	U266_2	MM
MM	GSE87585	U266_MboI	U266	U266_3	MM
MTC	GSE147123	TT	TT	TT	THCA
MTC	GSE237300	thyroid_gland	thyroid_gland	thyroid_gland	THCA
NB	GSE105275	SK-N-DZ	SKNDZ	SKNDZ	NB
NB	GSE115862	SKNSH	SKNSH	SKNSH	NB
NB	GSE115862	SKNSHadel1r	SKNSH	SKNSH_2	NB
NB	GSE129732	SHY_neuroblasts	SHYSY5Y	SHYSY5Y	NB
NB	GSE147123	SK-N-DZ	SKNDZ	SKNDZ_2	NB
NB	GSE161493	SKNMC	SKNMC	SKNMC	NB
NB	GSE175452	TR-14	TR14	TR14	NB
NB	GSE214792	GI-MEN	GIMEN	GIMEN	NB
NB	GSE252149	SH-SY5Y	SHSY5Y	SHSY5Y	NB
NB	GSE252149	SH-SY5Y_TOP2BKO	SHSY5Y	SHSY5Y_2	NB
NB	GSE59395	SK-N-MC	SKNMC	SKNMC_2	NB
NPC	GSE166570	HK1	HK1	HK1	HNSC
NPC	GSE166570	NP-69	NP69	NP69	HNSC
NPC	GSE166570	NPC	HK1	HK1_2	HNSC
NSCLC	GSE105725	NCI-H460	NCIH460	NCIH460	NSCLC
NSCLC	GSE147123	NCI-H1437	NCIH1437	NCIH1437	NSCLC
NSCLC	GSE147123	NCI-H1563	NCIH1563	NCIH1563	NSCLC
NSCLC	GSE147123	NCI-H1573	NCIH1573	NCIH1573	NSCLC
NSCLC	GSE147123	NCI-H1975	NCIH1975	NCIH1975	NSCLC
NSCLC	GSE147123	NCI-H596	NCIH596	NCIH596	NSCLC
NSCLC	GSE164533	A549-ACE2	A549	A549	NSCLC
NSCLC	GSE168233	A549	A549	A549_2	NSCLC
NSCLC	GSE179184	A549-hACE2	A549	A549_3	NSCLC
NSCLC	GSE237356	Calu3	CALU3	CALU3	NSCLC
NSCLC	GSE292519	HCC364	HCC364	HCC364	NSCLC
NSCLC	GSE292519	NCI-H2087	NCIH2087	NCIH2087	NSCLC
NSCLC	GSE292519	NCI-H358	NCIH358	NCIH358	NSCLC
NSCLC	GSE292519	NCI-H441	NCIH441	NCIH441	NSCLC
NSCLC	PRJCA000333	5534N	5534N	5534N	NSCLC
NSCLC	PRJCA000333	5534T	5534T	5534T	NSCLC
NSCLC	PRJCA000333	6405N	6405N	6405N	NSCLC
NSCLC	PRJCA000333	6405T	6405T	6405T	NSCLC
NSCLC	PRJCA000333	A549	A549	A549_4	NSCLC
NUT	GSE133163	293TRex	293TRex	293TRex	NUT
NUT	GSE133163	293TRex_input	293TRex	293TRex_2	NUT
NUT	GSE133163	TC-797	TC797	TC797	NUT
NUT	GSE133163	TC-797_input	TC797	TC797_2	NUT
OS	GSE141067	U2OS	U2OS	U2OS	SARC
OS	GSE147123	MG-63	MG63	MG63	SARC
OS	GSE90003	U2OS	U2OS	U2OS_2	SARC
OV	GSE122154	UWB1.289	UWB1289	UWB1289	OV
OV	GSE122154	UWB1.289_mut	UWB1289	UWB1289_2	OV
OV	GSE147123	Caov-3	CAOV3	CAOV3	OV
OV	GSE147123	SK-OV-3	SKOV3	SKOV3	OV
OV	GSE147123	SW626	SW626	SW626	OV
OV	GSE201878	HEYA8	HEYA8	HEYA8	OV
OV	GSE201878	PEO1	PEO1	PEO1	OV
OV	GSE229408	FT246	FT246	FT246	OV
OV	GSE229408	FT282	FT282	FT282_2	OV
OV	GSE229408	KURAMOCHI	KURAMOCHI	KURAMOCHI	OV
OV	GSE229408	OVCAR4	OVCAR4	OVCAR4	OV
OV	GSE278254	FT282	FT282	FT282	OV
PRAD	GSE105557	LNCaP	LNCAPCLONEFGC	LNCAPCLONEFGC	PRAD
PRAD	GSE118514	22Rv1	22RV1	22RV1	PRAD
PRAD	GSE118629	22Rv1	22RV1	22RV1_2	PRAD
PRAD	GSE118629	C42B	C42B	C42B	PRAD
PRAD	GSE125640	LNCaP	LNCAPCLONEFGC	LNCAPCLONEFGC_2	PRAD
PRAD	GSE143370	22Rv1	22RV1	22RV1_3	PRAD
PRAD	GSE147123	DU-145	DU145	DU145	PRAD
PRAD	GSE161493	LNCaP	LNCAPCLONEFGC	LNCAPCLONEFGC_3	PRAD
PRAD	GSE172097	DU145	DU145	DU145_2	PRAD
PRAD	GSE172097	LNCaP	LNCAPCLONEFGC	LNCAPCLONEFGC_4	PRAD
PRAD	GSE172097	MDAPCa2a	MDAPCa2a	MDAPCa2a	PRAD
PRAD	GSE172097	MDAPCa2b	MDAPCa2b	MDAPCa2b	PRAD
PRAD	GSE172097	PC-3	PC3	PC3	PRAD
PRAD	GSE172097	VCaP	VCaP	VCaP	PRAD
PRAD	GSE204996	C42B	C42B	C42B_2	PRAD
PRAD	GSE268339	LNCaP	LNCAPCLONEFGC	LNCAPCLONEFGC_5	PRAD
PRAD	GSE73782	LNCaP	LNCAPCLONEFGC	LNCAPCLONEFGC_6	PRAD
PRAD	GSE73782	PC3	PC3	PC3_2	PRAD
PRAD	GSE73782	PrEC	PRECLH	PRECLH	PRAD
RB	GSE230795	ARPE19	ARPE19	ARPE19	RB	GSE230793	GSM7235225	SRR24327300	WERIRB1
RB	GSE230795	WERI-RB1	WERIRB1	WERIRB1	RB	GSE230793	GSM7235224	SRR24327301	ARPE19
RCC	GSE233166	HEK293	HEK293	HEK293	RCC
RCC	GSE233166	HEK293T	HEK293T	HEK293T	RCC
RCC	GSE59395	ACHN	ACHN	ACHN	RCC
RCC	GSE99051	786-M1A	786M1A	786M1A	RCC
RCC	GSE99051	786-O	786O	786O	RCC
RMS	GSE253894	induced_pluripotent_stem_cell_muscle_progenitor_P3F1	induced_pluripotent_stem_cell_muscle_progenitor_P3F1	induced_pluripotent_stem_cell_muscle_progenitor_P3F1	SARC
RMS	GSE253894	induced_pluripotent_stem_cell_muscle_progenitor_P7F1	induced_pluripotent_stem_cell_muscle_progenitor_P7F1	induced_pluripotent_stem_cell_muscle_progenitor_P7F1	SARC
RMS	GSE253894	induced_pluripotent_stem_cell_muscle_progenitor_WT	induced_pluripotent_stem_cell_muscle_progenitor_WT	induced_pluripotent_stem_cell_muscle_progenitor_WT	SARC
RMS	GSE59395	SJCRH30	SJCRH30	SJCRH30	SARC
TALL	GSE130140	CUTLL1	CUTLL1	CUTLL1	LALL
TALL	GSE130140	Jurkat	JURKAT	JURKAT	LALL
TALL	GSE130140	TALL_patient_xenograft	TALL_patient_xenograft	TALL_patient_xenograft	LALL
TALL	GSE130140	Tcell	Tcell	Tcell	LALL
TALL	GSE134761	CUTLL1_1	CUTLL1	CUTLL1_2	LALL
TALL	GSE134761	CUTLL1_2	CUTLL1	CUTLL1_3	LALL
TALL	GSE134761	Jurkat	JURKAT	JURKAT_2	LALL
TALL	GSE134761	Tcell1	Tcell	Tcell_2	LALL
TALL	GSE134761	Tcell2	Tcell	Tcell_3	LALL
TALL	GSE134761	Tcell3	Tcell	Tcell_4	LALL
TALL	GSE134761	primary_TALL_cells	primary_TALL_cells	primary_TALL_cells	LALL
TALL	GSE147123	CCRF-CEM	CCRFCEM	CCRFCEM	LALL
TALL	GSE147123	Jurkat	JURKAT	JURKAT_3	LALL
TALL	GSE147123	MOLT-4	MOLT4	MOLT4	LALL
TALL	GSE147123	RPMI-8402	RPMI8402	RPMI8402	LALL
TALL	GSE182682	DND41	DND41	DND41	LALL
UCEC	GSE128234	LEIO-PT1063	LEIOPT1063	LEIOPT1063	UCEC
UCEC	GSE128234	LEIO-PT848	LEIOPT848	LEIOPT848	UCEC
UCEC	GSE128234	LEIO-PT886	LEIOPT886	LEIOPT886	UCEC
UCEC	GSE128234	LEIO-PT916	LEIOPT916	LEIOPT916	UCEC
UCEC	GSE128234	LEIO-PT967	LEIOPT967	LEIOPT967	UCEC
UCEC	GSE128234	Myometrium	Myometrium	Myometrium	UCEC
UCEC	GSE226015	uterine_smooth_muscle_cell	uterine_smooth_muscle_cell	uterine_smooth_muscle_cell	UCEC
